family,feature,game_year,n_pitchers,median,sd,sd_lo,sd_hi,iqr,iqr_lo,iqr_hi,robust_cv,robust_cv_lo,robust_cv_hi,mad,mad_lo,mad_hi
CH,release_speed,2021,194,85.3,3.1933383149150703,2.815647567136956,3.565502142668881,3.862499999999997,3.0,4.700000000000003,0.03302391559202823,0.026040983606557374,0.040458274647887246,2.816940000000008,2.2239,3.4470449999999935
CH,release_speed,2022,198,85.6,2.979944585535377,2.679034726929111,3.2584948161741307,3.8125,3.0249999999999915,4.6625000000000085,0.032908177570093435,0.026040222174288176,0.04078589989421266,2.8169399999999976,2.2239,3.4841099999999914
CH,release_speed,2023,180,85.7,3.082186597869185,2.783506777462553,3.367802446363166,4.224999999999994,3.5,5.0378125000000065,0.03632975495916,0.031138882628456672,0.04396081395348832,3.1134600000000123,2.6686799999999957,3.7806299999999955
CH,release_speed,2024,170,85.32499999999999,3.0059915224541935,2.671920796677065,3.3262408728868595,4.074999999999989,3.299687499999997,4.925312499999995,0.036055024904776155,0.02874564146322264,0.04257130518217181,3.076395000000025,2.4462899999999976,3.632370000000004
CH,release_speed,2025,181,86.5,3.274056408380093,2.8739838190919658,3.6644010333010395,3.8999999999999915,3.3000000000000114,4.549999999999997,0.0325657803468209,0.027487369640788094,0.03766529179404348,2.816940000000008,2.3721600000000125,3.261720000000004
CH,release_speed,2026,214,86.6,3.2932595720139206,2.9445535375010508,3.6002589141910004,4.099999999999994,3.299999999999997,4.799999999999997,0.03552419168591229,0.028313132274797658,0.041183333333333426,3.076395000000004,2.4462900000000083,3.558240000000008
CH,ivb,2021,194,7.2299999999999995,3.998408459615486,3.5749297717443826,4.414311498493816,5.205,4.199624999999999,6.120000000000002,0.529060580912863,0.40771500000000027,0.6515912624458462,3.8251079999999993,3.024504000000001,4.536756
CH,ivb,2022,198,6.36,3.9045664461552145,3.4559563851066564,4.355795632038118,5.385,4.799624999999999,5.970000000000001,0.6363990566037736,0.5195435897435895,0.7829460674157304,4.047498,3.4692839999999996,4.5367560000000005
CH,ivb,2023,180,5.550000000000001,3.684221528105554,3.3215141979156075,4.017822333611245,4.86,4.2299999999999995,5.760749999999996,0.6651664864864864,0.5479082349308302,0.8566331807228912,3.691674,3.113460000000001,4.4478
CH,ivb,2024,170,5.04,3.9149092671651724,3.497657608367135,4.292009409193607,5.16,4.365,6.42,0.7942499999999999,0.612003488372093,0.9772113811188808,4.003019999999999,3.11346,4.67019
CH,ivb,2025,181,4.199999999999999,3.9304471790909887,3.542005763193827,4.286936650441588,5.76,4.92,6.66,1.0166399999999998,0.8363384615384615,1.2248120914542724,4.269887999999998,3.5582400000000005,4.892579999999999
CH,ivb,2026,214,3.87,4.209681764783137,3.765079688035742,4.652727923324276,5.684999999999999,4.41,6.525374999999999,1.0918372093023259,0.8439415384615385,1.2434923185483868,4.225410000000001,3.11346,4.803623999999998
CH,hb_arm,2021,194,14.19,2.542773564170281,2.242271429158704,2.8344072867537577,3.24,2.6099999999999994,3.719999999999999,0.1661264270613106,0.1382084745762712,0.19605544447976278,2.357333999999997,1.9570319999999977,2.8032259499999967
CH,hb_arm,2022,198,14.52,2.221974742923746,1.975590546696045,2.4453864177129625,2.8499999999999996,2.3385,3.480000000000002,0.14703471074380142,0.12152459016393435,0.18073016528925623,2.1349439999999964,1.779119999999999,2.6242019999999964
CH,hb_arm,2023,180,15.0,2.363599636195492,1.9239066740113395,2.81668316617426,2.7900000000000027,2.3100000000000023,3.1500000000000004,0.1423296000000001,0.11582812499999993,0.15699007563025177,2.1349440000000017,1.779119999999999,2.312856000000003
CH,hb_arm,2024,170,14.64,2.6649036764195624,2.1133838791187736,3.1915199121221947,2.8499999999999996,2.16,3.5699999999999985,0.14582950819672133,0.10848292682926829,0.1822868852459017,2.1349440000000004,1.6012080000000013,2.6686799999999984
CH,hb_arm,2025,181,15.0,2.3778902855146096,2.0790148950114244,2.6400830298434306,3.0,2.2800000000000047,3.480000000000002,0.13046880000000002,0.11090314960629925,0.17267228915662633,1.9570320000000003,1.6901640000000007,2.5797239999999975
CH,hb_arm,2026,214,14.52,2.4641292152115155,2.1958711489546707,2.7336694652887092,3.2399999999999984,2.7600000000000016,3.7200000000000024,0.15928760330578534,0.14090826446280982,0.1923037656903765,2.312856000000003,2.0459880000000013,2.7576360000000015
CH,release_spin_rate,2021,194,1699.5,257.0838495838314,226.48028525296297,287.55866013755053,329.125,288.490625,379.50624999999997,0.14743124448367165,0.10856277403846153,0.1694735153382845,250.55939999999998,182.3412675,288.3657
CH,release_spin_rate,2022,198,1707.0,264.8502146198428,234.09729532920844,293.8217867025621,385.75,313.375,424.875,0.15221186291739894,0.13180408490319584,0.1815562919153589,259.82565,222.01008374999998,313.56989999999996
CH,release_spin_rate,2023,180,1738.5,263.45530663775367,232.86506081741345,293.07949219547794,367.0,309.496875,448.25,0.15265194132873167,0.1225556450446346,0.175067424689515,265.3854,210.89985,311.35526624999994
CH,release_spin_rate,2024,170,1784.75,272.9199559863031,241.74465317494807,302.96989758043463,385.875,332.36875,445.134375,0.16572556380445438,0.12936113307231412,0.18760410597961608,295.77869999999996,226.08723375,332.48231624999994
CH,release_spin_rate,2025,181,1819.5,298.77133567166396,263.37088193526495,333.88980587578277,413.0,355.0,476.51249999999993,0.17233849958779882,0.14611331822997586,0.1952430604530328,313.56989999999996,265.3854,352.8588
CH,release_spin_rate,2026,214,1736.5,313.9978882390972,282.1603791569055,344.845985205182,410.875,351.24375,488.1468749999999,0.1711841635473654,0.15038289790509596,0.20181172129405764,297.2613,260.1963,356.5653
CH,release_extension,2021,194,6.3,0.4167503966581004,0.3801881536096953,0.451268536116451,0.5999999999999996,0.4874999999999998,0.7000000000000002,0.07059999999999995,0.0470666666666667,0.08302559999999991,0.44477999999999973,0.29652000000000023,0.5189099999999994
CH,release_extension,2022,198,6.3,0.4086961069294762,0.36943092427946544,0.44284139115540877,0.5999999999999996,0.47499999999999964,0.7000000000000002,0.07059999999999995,0.0470666666666667,0.07059999999999995,0.44477999999999973,0.29652000000000023,0.444780000000001
CH,release_extension,2023,180,6.5,0.41746515668413986,0.37687082588605314,0.45802589969678703,0.5999999999999996,0.5,0.7000000000000002,0.06842769230769227,0.04633125000000003,0.0792229007633587,0.44477999999999973,0.29652000000000023,0.5189099999999994
CH,release_extension,2024,170,6.475,0.40969583685098837,0.36288337506219853,0.45127192652825676,0.5,0.39999999999999947,0.6750000000000007,0.06296756756756744,0.04561846153846157,0.07441621621621626,0.40771499999999916,0.29652000000000023,0.48184500000000025
CH,release_extension,2025,181,6.4,0.39104913898077553,0.35039543441410875,0.42823909176548,0.5,0.39999999999999947,0.6000000000000005,0.04633125000000003,0.04561846153846157,0.06949687500000015,0.29652000000000023,0.29652000000000023,0.444780000000001
CH,release_extension,2026,214,6.4,0.39400905224925326,0.346920537657454,0.44328763025015494,0.5,0.39999999999999947,0.5,0.04633125000000003,0.04561846153846157,0.06949687499999996,0.29652000000000023,0.29652000000000023,0.44477999999999973
CH,release_pos_z,2021,194,5.82,0.40308412621164236,0.3544993820722806,0.44713353053968224,0.5012499999999989,0.39749999999999996,0.5924999999999994,0.062411855670103,0.05094845360824746,0.07580756418705045,0.3632369999999995,0.29652000000000023,0.4410734999999998
CH,release_pos_z,2022,198,5.807499999999999,0.4618529528196186,0.38567296888184827,0.5415110268595241,0.5300000000000002,0.4400000000000004,0.6299999999999999,0.06765200172191135,0.057215025395178684,0.08112460146488579,0.39288900000000015,0.33358499999999947,0.4670190000000006
CH,release_pos_z,2023,180,5.765,0.4752950952087395,0.41884611103849256,0.5306642326151436,0.6499999999999995,0.5125000000000002,0.7624999999999993,0.07843764093668695,0.06657616580310875,0.09987769028871385,0.45219300000000023,0.38547599999999965,0.5746001624999998
CH,release_pos_z,2024,170,5.74,0.4642240690133433,0.4102284438399861,0.5162044582453639,0.5637500000000006,0.45124999999999993,0.6675624999999992,0.07232195121951203,0.05919847663019941,0.0867547598253275,0.41512799999999905,0.3409979999999993,0.4966709999999999
CH,release_pos_z,2025,181,5.74,0.44759650406155727,0.3829320222599658,0.5132006516497002,0.45999999999999996,0.39000000000000057,0.5800000000000001,0.05940731707317084,0.05049903930130989,0.07464479166666667,0.34099800000000063,0.2891070000000004,0.429954
CH,release_pos_z,2026,214,5.73,0.4343303822688244,0.3757353063077689,0.49621857124633556,0.4800000000000004,0.41999999999999993,0.5550000000000006,0.06468586387434554,0.054241463414634136,0.07244816753926685,0.37065,0.31134599999999996,0.41512799999999966
CH,release_side_arm,2021,194,1.9775,0.6461162034103348,0.5789166345815565,0.7101686177630279,0.94875,0.7425000000000004,1.0475624999999997,0.35987256637168136,0.27845182872720425,0.3948689452068032,0.711648,0.5485619999999998,0.7746584999999999
CH,release_side_arm,2022,198,1.8275000000000001,0.690460983260247,0.6112227255928607,0.7680669731555941,0.8750000000000002,0.76,1.0075,0.36710068399452805,0.2960883800577623,0.4051131065354605,0.6708765000000001,0.5337360000000001,0.7487129999999999
CH,release_side_arm,2023,180,1.8650000000000002,0.7251822150564231,0.6361132267573135,0.8097870384661703,0.9249999999999998,0.7900000000000003,1.0949999999999998,0.37561849865951713,0.31212148710265764,0.43464023166704807,0.7005284999999996,0.5819205000000003,0.8154299999999999
CH,release_side_arm,2024,170,1.89,0.7045479532880801,0.6212993642061687,0.7901070946033294,0.8799999999999999,0.7299999999999998,1.1076562499999993,0.353,0.28133194252705795,0.43179524072164943,0.6671699999999999,0.548562,0.8228430000000002
CH,release_side_arm,2025,181,2.0149999999999997,0.6843619352658075,0.6032871089480607,0.7580864113021331,0.8800000000000001,0.7300000000000002,1.0250000000000001,0.32374392059553386,0.25784347826086945,0.3836879396984924,0.6523440000000006,0.5337360000000001,0.7561259999999996
CH,release_side_arm,2026,214,1.895,0.6954445331593611,0.617941281429188,0.769293738279693,0.9175000000000002,0.7,1.0450312500000003,0.3481567282321898,0.2789712186379928,0.4102475396456059,0.6597569999999997,0.5189100000000001,0.7783649999999999
CH,arm_angle,2021,194,38.625,9.963819276140946,8.79563125039889,11.093394666452337,11.862499999999997,9.037187500000002,14.100000000000001,0.2082357281553397,0.171620150815513,0.26383502156411714,8.043104999999995,6.597570000000004,10.304069999999998
CH,arm_angle,2022,198,37.9,11.047167490592107,9.371450420118821,12.672070644013386,12.275000000000006,9.9996875,14.75,0.2376463060686016,0.19061999999999996,0.2977436038514444,9.006795,7.412999999999999,10.823906625000001
CH,arm_angle,2023,180,38.4,11.151131509337853,9.775208619652554,12.512788811654005,13.812499999999993,11.962499999999999,16.049999999999994,0.27412656250000006,0.22496325983717755,0.31847178335470866,10.526460000000002,8.747339999999998,12.121181624999993
CH,arm_angle,2024,170,38.075,11.713962030699326,10.340692415927494,13.143367321491109,14.150000000000006,11.587187500000006,16.900624999999994,0.27646644780039387,0.22275088187629433,0.33079027952021656,10.526459999999997,8.599079999999995,12.37970999999999
CH,arm_angle,2025,181,34.8,10.800328474189987,9.32111708353872,12.19034304030092,12.300000000000004,9.700000000000003,15.2,0.262011206896552,0.20265755395683452,0.3269683421765636,9.117990000000008,7.04235,11.416019999999993
CH,arm_angle,2026,214,37.125,10.538093636912183,9.217857388266626,11.728325706955987,12.212500000000006,10.650000000000006,13.800625,0.23961212121212122,0.20602677168674577,0.2787288,8.8956,7.78365,10.3782
CU,release_speed,2021,181,79.6,3.6064078475571844,3.198415943893904,4.010173295572767,4.549999999999997,3.5999999999999943,5.6000000000000085,0.04283894472361831,0.03369545454545449,0.05138185255198487,3.409980000000017,2.6686799999999957,4.07715
CU,release_speed,2022,162,79.35,3.389405712437782,3.0086807219891845,3.7421273262535872,4.0,3.5625,4.787812499999992,0.03783572778827975,0.03201673892786366,0.044927627378936026,3.0022649999999977,2.5574849999999913,3.5582399999999876
CU,release_speed,2023,150,79.75,3.4885659348619438,3.098100283904063,3.8490850528564606,4.8374999999999915,3.799999999999997,5.862499999999997,0.04554695924764895,0.035298895494367814,0.05487666248431623,3.632370000000004,2.8169399999999976,4.373670000000004
CU,release_speed,2024,143,80.2,3.3441083522701,2.939142302543129,3.696232686686147,4.349999999999994,3.174999999999997,5.199999999999989,0.04066982543640903,0.029651999999999894,0.04824480600750927,3.261720000000004,2.3721599999999916,3.8547600000000126
CU,release_speed,2025,153,80.25,3.4175511075557328,3.009091350960079,3.771599687587302,4.099999999999994,3.3999999999999915,5.0,0.039720747663551506,0.031231970260223098,0.04598778050490883,3.187590000000008,2.520419999999983,3.7064999999999997
CU,release_speed,2026,156,80.9,3.516247941547221,3.1309216937367097,3.8644562245410135,4.8500000000000085,3.824687500000003,5.650000000000006,0.041234239802224966,0.03405614033977532,0.05173015204978203,3.3358499999999998,2.7798749999999997,4.151280000000006
CU,ivb,2021,181,-10.56,4.72750798124204,4.224059606456441,5.183274186956283,6.48,4.920000000000002,7.44,0.42119318181818155,0.32431874999999993,0.5344255813953486,4.447799999999997,3.5582400000000005,5.337359999999999
CU,ivb,2022,162,-10.65,4.816871043827522,4.220570334519208,5.3445896134918005,5.759999999999998,4.860000000000001,6.629999999999999,0.40092845070422517,0.3275511627906975,0.4971083643888693,4.269887999999998,3.3803280000000013,5.070491999999997
CU,ivb,2023,150,-10.379999999999999,4.757732086196831,4.237866321651745,5.249190536131302,5.760000000000002,4.859999999999999,7.320000000000001,0.4199271676300577,0.3513515038224873,0.5433130434782609,4.358843999999999,3.5582400000000005,5.249515949999995
CU,ivb,2024,143,-10.32,4.271778911120973,3.8954777907008475,4.618406329001509,6.539999999999999,5.340000000000001,8.219999999999999,0.46546744186046485,0.37888666666666665,0.6327019108280254,4.8036239999999975,3.9140640000000007,5.960051999999999
CU,ivb,2025,153,-10.8,4.278712987537417,3.8151823629483936,4.696944212941917,6.24,4.8000000000000025,7.200000000000001,0.4283066666666667,0.3261720000000001,0.499946511627907,4.625712000000001,3.647196000000001,5.337360000000002
CU,ivb,2026,156,-10.44,4.105209883621738,3.66812909047438,4.500982408218748,5.925,5.1899999999999995,6.870374999999999,0.4430758620689654,0.3558085562499999,0.5161172462882573,4.625711999999998,3.691673999999999,5.159448
CU,hb_arm,2021,181,-8.52,4.23827396328332,3.8084876012425184,4.627425086619993,5.400000000000001,4.5600000000000005,6.48,0.48027887323943663,0.3901578947368421,0.583489331378299,4.091976,3.3803280000000013,4.803624000000001
CU,hb_arm,2022,162,-8.28,4.214755194866839,3.759381164015995,4.6506905339589375,4.919999999999999,4.244250000000001,6.089999999999998,0.472713043478261,0.3474618110795456,0.5974656716417907,3.9140640000000007,2.8465920000000002,4.714668
CU,hb_arm,2023,150,-8.76,4.481846497465709,4.018368152375456,4.930098980366617,5.684999999999999,4.530000000000001,7.499999999999999,0.4620431506849314,0.3681352206564666,0.6212512728996357,4.047497999999999,3.3803279999999987,5.248404000000001
CU,hb_arm,2024,143,-8.76,4.39404040227562,3.9440340367977167,4.808373629754998,6.239999999999999,5.009999999999999,7.4399999999999995,0.4772753424657535,0.40619178082191787,0.6790534351145038,4.180932,3.7361519999999993,5.515272
CU,hb_arm,2025,153,-8.399999999999999,4.100147546993979,3.696190411804872,4.4842064236299715,6.36,4.799999999999999,7.08,0.5506799999999998,0.4176338028169013,0.6355580597014914,4.625711999999997,3.558239999999999,5.337359999999999
CU,hb_arm,2026,156,-8.52,4.1605485656636265,3.7494633647578794,4.513302880065641,6.014999999999999,4.8146249999999995,7.1553749999999985,0.5742464788732393,0.39672610345346093,0.6324412181818182,4.892579999999999,3.558239999999998,5.337359999999999
CU,release_spin_rate,2021,181,2492.0,284.8135964624857,255.13664455870233,312.5136698262265,362.0,312.0,432.5,0.11184943820224719,0.09133418157833054,0.12861079676804812,278.7288,228.32039999999998,320.2601324999999
CU,release_spin_rate,2022,162,2523.0,257.2529780408999,227.00400207619487,285.7339954245987,336.625,260.99375,418.02499999999986,0.10166064209274674,0.07698181290709231,0.12326370274613453,256.4898,194.9433675,309.1313662499999
CU,release_spin_rate,2023,150,2497.25,273.72370009425305,240.40721777263477,303.7963859060467,359.375,285.75,427.19687499999964,0.1022636299929923,0.0836635046928353,0.12947954529653583,255.37785,209.04659999999998,323.2068
CU,release_spin_rate,2024,143,2542.0,285.58505600699397,249.92312082728378,317.5256014084841,348.75,276.75,409.5,0.09681809598741148,0.08124237388724034,0.12340309155766944,246.11159999999998,207.564,312.8286
CU,release_spin_rate,2025,153,2572.0,277.8330751418176,245.8976932161397,308.9905849343983,351.5,275.475,426.5,0.10375894245723172,0.07930823720275294,0.12274273128272864,266.868,202.3749,318.0177
CU,release_spin_rate,2026,156,2603.75,249.26077782074236,216.9345469764961,280.1135829940596,322.375,248.99375,381.12812499999995,0.08925493999039846,0.07029027146544903,0.1076327437791899,232.39755,184.5837,280.21139999999997
CU,release_extension,2021,181,6.3,0.40177991801094476,0.36088359146212245,0.44136907518111623,0.5999999999999996,0.5,0.7000000000000002,0.07059999999999995,0.04782580645161294,0.07173870967741931,0.44477999999999973,0.29652000000000023,0.44477999999999973
CU,release_extension,2022,162,6.3,0.3887041116776221,0.346257400014674,0.4289410053528072,0.5,0.40000000000000036,0.5999999999999996,0.058833333333333335,0.0470666666666667,0.07173870967741931,0.37065,0.29652000000000023,0.44477999999999973
CU,release_extension,2023,150,6.4,0.3977156528126219,0.35549131388955013,0.43775471610095756,0.5,0.4374999999999991,0.6749999999999998,0.06949687499999996,0.04561846153846157,0.07059999999999995,0.44477999999999973,0.29652000000000023,0.444780000000001
CU,release_extension,2024,143,6.5,0.38929807251546583,0.344291771668623,0.43242847488880326,0.5,0.2999999999999998,0.6000000000000005,0.04561846153846157,0.04492727272727257,0.06949687499999996,0.29652000000000023,0.29651999999999895,0.44477999999999973
CU,release_extension,2025,153,6.4,0.3905243205307969,0.3490943435610086,0.4293600213666965,0.5,0.40000000000000036,0.6000000000000005,0.06949687499999996,0.04633125000000003,0.07059999999999995,0.44477999999999973,0.29652000000000023,0.444780000000001
CU,release_extension,2026,156,6.4,0.39779933821239155,0.35180739308769354,0.4403494691911833,0.5,0.39999999999999947,0.5999999999999996,0.04633125000000003,0.04561846153846157,0.07059999999999995,0.29652000000000023,0.29651999999999895,0.4447800000000004
CU,release_pos_z,2021,181,6.03,0.3867066047514308,0.34177001655143624,0.4332910730476181,0.47499999999999964,0.41000000000000014,0.5899999999999999,0.059008955223880645,0.05163283582089551,0.07238282828282828,0.3558240000000003,0.31134599999999996,0.429954
CU,release_pos_z,2022,162,6.03,0.4207845378922478,0.37325016527792276,0.4641855535689849,0.5624999999999991,0.47000000000000064,0.6512812499999999,0.06884378109452731,0.05739884678747926,0.0806026359143328,0.41512799999999966,0.34841100000000047,0.4892580000000001
CU,release_pos_z,2023,150,6.0,0.4132424969646021,0.3629598868034405,0.4646440568187645,0.5125000000000002,0.3875000000000002,0.6225624999999992,0.05930400000000005,0.049337770382695545,0.07783812294620515,0.3558240000000003,0.29652000000000023,0.4670190000000006
CU,release_pos_z,2024,143,5.98,0.398902725879227,0.3470914082451325,0.44588100462923197,0.45999999999999996,0.37993749999999993,0.6300625000000004,0.057023076923077023,0.04679302325581405,0.07933645484949817,0.34099800000000063,0.2816939999999992,0.4744320000000004
CU,release_pos_z,2025,153,6.0,0.3866540501393514,0.34353432418880464,0.42663587440814565,0.5200000000000005,0.4300000000000006,0.6049999999999995,0.05930400000000005,0.051460025734391616,0.0751317567567567,0.3558240000000003,0.31134599999999996,0.444780000000001
CU,release_pos_z,2026,156,5.89,0.374035843525085,0.3288560791313951,0.41997112944757714,0.49875000000000025,0.4299999999999997,0.5750000000000002,0.06292869269949067,0.04996019546773541,0.07393877901977644,0.37065,0.29652000000000023,0.429954
CU,release_side_arm,2021,181,1.69,0.6529825784031105,0.5870225127478218,0.7126240229709542,0.8599999999999999,0.6900000000000002,0.9850000000000001,0.3728431952662724,0.29822413793103436,0.43863905325443786,0.6301050000000004,0.5189099999999998,0.7413
CU,release_side_arm,2022,162,1.6974999999999998,0.6617524313404067,0.5871985766237215,0.7259371327719757,0.90375,0.6850000000000003,1.0850624999999998,0.39303092783505134,0.3070473372781064,0.49037008249921793,0.6671699999999996,0.5189099999999998,0.8118161624999994
CU,release_side_arm,2023,150,1.67,0.6530448354033433,0.5735512101483623,0.7267938277309868,0.7962500000000001,0.6612187499999999,0.9900312499999998,0.36399161676646696,0.30886637220670377,0.43269955555555567,0.6078659999999998,0.4966709999999999,0.7413
CU,release_side_arm,2024,143,1.71,0.6623457618970356,0.586669252445667,0.7341909014399601,0.8899999999999999,0.7549999999999999,1.0725624999999996,0.39015789473684226,0.32079649122807,0.4703269870268348,0.6671700000000003,0.541149,0.800604
CU,release_side_arm,2025,153,1.85,0.6981087620516239,0.615128639779783,0.7719505084111051,0.895,0.77,1.1300000000000001,0.36864648648648646,0.2933486631016043,0.45786176470588247,0.6819959999999999,0.5485620000000001,0.800604
CU,release_side_arm,2026,156,1.73,0.7190694656303972,0.6219793675628205,0.8076509646242063,0.8587499999999997,0.7525,1.0825937499999994,0.3620800578034681,0.3081181363244176,0.4592770918337261,0.6263984999999997,0.555975,0.8080169999999999
CU,arm_angle,2021,181,46.9,9.893090356492195,8.659428965211207,11.200384723545483,11.600000000000001,9.300000000000004,14.199999999999996,0.19283283582089558,0.14603768736616704,0.2278522105263157,9.043860000000002,6.819960000000002,10.526460000000002
CU,arm_angle,2022,162,45.65,10.386074438024734,9.234500872142197,11.463011394521756,14.387499999999996,11.600000000000001,16.8753125,0.23546221248630886,0.1896548707131192,0.2786252951235991,10.74885,8.59908,12.491831625
CU,arm_angle,2023,150,44.7,10.380148413977368,9.245993737285792,11.502748438640019,13.775000000000006,9.287187499999995,16.875000000000007,0.22388255033557045,0.15463344509454321,0.2852546641892136,10.00755,7.0052850000000015,12.751286624999995
CU,arm_angle,2024,143,45.3,10.594262667014503,9.234395292907791,11.853463826580894,12.174999999999997,9.274375000000006,15.650624999999994,0.19964370860927136,0.1505416474223565,0.24382715231788088,9.043859999999992,6.968219999999993,10.971239999999998
CU,arm_angle,2025,153,44.5,10.76105376846405,9.481797477011943,11.80468818171252,12.800000000000004,11.197500000000003,16.551249999999996,0.21989123595505622,0.1647333333333332,0.2722607505980861,9.785160000000001,7.709520000000004,11.786669999999994
CU,arm_angle,2026,156,42.8,9.641202951646578,8.362372792813808,10.916765124375472,11.924999999999997,10.299999999999997,13.899999999999999,0.2095731308411214,0.17920687935034785,0.24825910019118894,8.969729999999995,7.709520000000004,10.526460000000007
FC,release_speed,2021,115,88.3,2.7084562607788687,2.2290606326459677,3.245126081435115,3.6000000000000085,2.6000000000000085,4.150000000000006,0.030222876557191344,0.021851762255298442,0.03534006810442669,2.6686799999999957,1.9273799999999957,3.1134600000000123
FC,release_speed,2022,120,88.69999999999999,2.9132801968918542,2.3842503202164615,3.4115016853841884,3.5250000000000057,2.7250000000000085,4.349999999999994,0.03008658399098055,0.023308049338644464,0.03664853932584274,2.6686799999999744,2.075639999999987,3.2617199999999835
FC,release_speed,2023,139,88.7,2.7779818748222223,2.2789472406329456,3.2610012131438135,3.0500000000000114,2.375,3.9999999999999862,0.025072153325817362,0.02003513513513518,0.03342953776775648,2.2239,1.779119999999983,2.9652
FC,release_speed,2024,139,89.2,2.773512107206451,2.3226255654754415,3.1992163873703547,3.549999999999997,2.9499999999999886,4.150000000000006,0.029917937219730892,0.024181889763779333,0.03502204724409439,2.6686799999999957,2.149770000000004,3.1134599999999915
FC,release_speed,2025,135,89.6,2.7076902540514154,2.2848162694801255,3.1289338238536555,3.299999999999997,2.699374999999989,3.9750000000000085,0.02647500000000014,0.02148695652173908,0.03305685618729097,2.3721600000000125,1.9273800000000167,2.9652
FC,release_speed,2026,149,89.9,2.541102262290683,2.206414599975053,2.887608360869946,3.3499999999999943,2.5999999999999943,3.9000000000000057,0.02721123470522789,0.02216254128602572,0.032087347391786716,2.4462899999999874,1.999656749999992,2.891069999999983
FC,ivb,2021,115,7.32,3.478100404765407,2.975102730683337,3.9176409262138523,4.199999999999999,3.210000000000001,5.280000000000001,0.3888786885245901,0.31596393442622955,0.5404089096573207,2.846592,2.3128560000000005,3.9140640000000007
FC,ivb,2022,120,7.5600000000000005,2.8583641087431917,2.4328071659696837,3.2668120291640617,3.2250000000000005,2.67,4.290374999999999,0.33535,0.2544682164179104,0.4118333333333333,2.535246,1.9570320000000003,3.1590499499999947
FC,ivb,2023,139,7.5,3.2321601995930824,2.7654247600236848,3.6641102385908173,3.929999999999999,3.0,4.68,0.3914063999999999,0.3067448275862068,0.47744745762711843,2.935547999999999,2.312855999999999,3.469284000000001
FC,ivb,2024,139,7.800000000000001,2.9465380246885076,2.538813330613615,3.373219437051552,3.5700000000000003,2.6992499999999993,4.2,0.34213846153846167,0.25482187500000003,0.40337918783422455,2.668680000000001,1.9570320000000003,3.202416
FC,ivb,2025,135,8.16,2.8139497568064087,2.409366874211487,3.22491862413835,3.4499999999999984,2.9399999999999995,4.169999999999999,0.3270441176470586,0.2655402985074627,0.381881818181818,2.6686799999999984,2.134943999999999,3.2024159999999986
FC,ivb,2026,149,7.800000000000001,2.518542697486789,2.18653170814832,2.84376293708482,2.8200000000000003,2.4000000000000004,3.3600000000000003,0.2737107692307691,0.22725985401459886,0.3294666666666666,2.134943999999999,1.779119999999999,2.4907679999999996
FC,hb_arm,2021,115,-2.64,2.4174738029812626,2.076732698021792,2.72822120940323,3.1499999999999995,2.3999999999999995,3.9599999999999995,0.8760818181818182,0.6259866666666664,1.2485052631578948,2.312856,1.7791199999999996,2.935547999999999
FC,hb_arm,2022,120,-2.2800000000000002,2.455924067476453,2.1108218223539703,2.764582784674798,3.3899999999999992,2.49,4.034999999999999,1.150965789473684,0.8119,1.3953882352941176,2.624202,1.7791200000000003,3.024504
FC,hb_arm,2023,139,-2.7600000000000002,2.4547584094816464,2.002301720782146,2.889660336913703,2.73,2.2199999999999998,3.24,0.7412999999999996,0.5490388596491225,0.9180206249999987,2.045987999999999,1.6879400999999996,2.401811999999999
FC,hb_arm,2024,139,-2.52,2.493924553981313,2.0870508858425225,2.8973485384525053,3.1799999999999997,2.6399999999999997,3.8100000000000005,0.9178,0.6795249999999997,1.2485052631578948,2.312856,1.957031999999999,2.8465920000000002
FC,hb_arm,2025,135,-1.92,2.241775415808946,1.9755297870793782,2.5073564419159453,3.12,2.2800000000000002,3.66,1.1119500000000002,0.88956,1.4826,2.1349440000000004,1.6012079999999997,2.66868
FC,hb_arm,2026,149,-2.22,2.00893863214293,1.7349682467371204,2.2456957705136356,2.3400000000000003,1.7999999999999998,2.9999999999999996,0.7613351351351351,0.5930399999999999,1.0707666666666666,1.690164,1.3343399999999999,2.134944
FC,release_spin_rate,2021,115,2363.0,197.2972593400549,172.60501076494984,220.41751119113397,282.0,218.7375,331.0,0.08783918747355057,0.06926481430759475,0.10345315820138933,207.564,164.5500675,245.3703
FC,release_spin_rate,2022,120,2367.25,166.40323838524913,148.37926272517117,182.13675797050303,225.5,173.115625,300.50312499999995,0.07953963459710635,0.05384123389180392,0.09661823840741997,188.2902,127.13295,229.44161624999992
FC,release_spin_rate,2023,139,2388.0,187.65455382501307,167.61070483599568,206.74443444567984,248.25,185.5,316.50624999999997,0.07946934673366833,0.05777973746006608,0.09919659726621129,189.7728,137.8818,237.21599999999998
FC,release_spin_rate,2024,139,2393.0,187.4848902263439,166.12345938763917,204.9557868669912,255.25,195.74375,306.5,0.07248817384036772,0.06123648816936488,0.09588955223880596,173.46419999999998,146.7774,229.803
FC,release_spin_rate,2025,135,2404.0,180.13561510327324,159.73526127588295,197.6683380092229,233.5,195.9875,294.75624999999997,0.07246485024958403,0.06043355003146299,0.09129464361029102,174.2055,146.0361,216.4596
FC,release_spin_rate,2026,149,2370.0,188.64075377105598,168.9397462528391,205.72094233485475,268.0,215.0,327.5,0.08257518987341772,0.06858669201520912,0.10026858066712044,195.70319999999998,163.08599999999998,240.1812
FC,release_extension,2021,115,6.3,0.36610646478113235,0.3226012288392153,0.4054072329059771,0.5,0.40000000000000036,0.6499999999999995,0.07059999999999995,0.0470666666666667,0.07291475409836061,0.44477999999999973,0.29652000000000023,0.44477999999999973
FC,release_extension,2022,120,6.3,0.38016655645158703,0.3361480404164596,0.4236400258997189,0.5999999999999996,0.40000000000000036,0.6999999999999993,0.07059999999999995,0.0470666666666667,0.08302559999999991,0.44477999999999973,0.29652000000000023,0.5189099999999994
FC,release_extension,2023,139,6.4,0.3544833279265991,0.3144983476587442,0.39305714710708545,0.39999999999999947,0.2999999999999998,0.551249999999993,0.04633125000000003,0.04561846153846157,0.07059999999999995,0.29652000000000023,0.29651999999999895,0.44477999999999973
FC,release_extension,2024,139,6.4,0.4101322673198286,0.36045869070407377,0.45719910874889175,0.6000000000000005,0.39999999999999947,0.7000000000000002,0.06949687499999996,0.04633125000000003,0.08045116279069758,0.44477999999999973,0.29652000000000023,0.5189099999999994
FC,release_extension,2025,135,6.4,0.3733596887167268,0.33253129048020647,0.4106468614949335,0.5,0.39999999999999947,0.7000000000000002,0.06949687499999996,0.04561846153846157,0.07059999999999995,0.44477999999999973,0.29652000000000023,0.444780000000001
FC,release_extension,2026,149,6.4,0.3639584629358251,0.32213315769533846,0.40547032874906314,0.5,0.39999999999999947,0.6000000000000005,0.06949687499999996,0.04561846153846157,0.07059999999999995,0.44477999999999973,0.29652000000000023,0.444780000000001
FC,release_pos_z,2021,115,5.89,0.4176795986633631,0.35997801467591173,0.475906748786342,0.6500000000000004,0.5,0.7599999999999998,0.0830658743633277,0.06292869269949067,0.09485046323266384,0.4892580000000001,0.37065,0.5633879999999998
FC,release_pos_z,2022,120,5.9125,0.4205731300298216,0.3676630988081809,0.47204662663514996,0.5887500000000001,0.4925000000000006,0.6962812499999999,0.07836152219873149,0.06326261089987324,0.09367733782645324,0.46331249999999996,0.3705573374999987,0.5523611625000002
FC,release_pos_z,2023,139,5.86,0.4170557884814334,0.3646320514525134,0.46762658557147985,0.5074999999999994,0.4399999999999995,0.6850000000000005,0.07337098976109215,0.055660750853242257,0.08810016977928706,0.429954,0.32617199999999963,0.5189100000000008
FC,release_pos_z,2024,139,5.8,0.42621133804894523,0.36435194776931246,0.486045891231017,0.5175000000000001,0.4249999999999998,0.6050000000000004,0.06646137931034476,0.0533126712328767,0.07735304347826082,0.38547599999999965,0.31134599999999996,0.4447799999999998
FC,release_pos_z,2025,135,5.82,0.4077108600272872,0.35596670116632506,0.45572554994739656,0.54,0.4299999999999997,0.6825000000000001,0.07387525773195876,0.0560432989690721,0.08479341421143827,0.429954,0.32617199999999963,0.4892580000000001
FC,release_pos_z,2026,149,5.71,0.3951924325821277,0.3470567745918506,0.4426265369281227,0.54,0.4300000000000006,0.6199999999999992,0.07010542907180374,0.05662708333333349,0.0823666666666665,0.4003019999999993,0.32617199999999963,0.4744319999999991
FC,release_side_arm,2021,115,1.87,0.7040124811449957,0.6069783398838452,0.7925792754497241,0.9024999999999999,0.6974374999999996,1.0825624999999997,0.37263208556149746,0.27565929648241194,0.4314927179487177,0.6968220000000003,0.5189099999999998,0.81543
FC,release_side_arm,2022,120,1.8874999999999997,0.6648444129925399,0.568926683260937,0.7595244560145438,0.825,0.6475000000000002,1.03253125,0.33775788079470204,0.250411021490164,0.43043893764642266,0.637518,0.4744320000000001,0.7857780000000003
FC,release_side_arm,2023,139,1.8650000000000002,0.6572579376160278,0.5648606856806145,0.748906115659267,0.8350000000000002,0.6799999999999997,1.0001249999999995,0.3299083109919567,0.2688057446808511,0.3991615384615384,0.6152789999999994,0.5040840000000001,0.7487129999999999
FC,release_side_arm,2024,139,1.79,0.6990933513625339,0.6116445431241675,0.7817997094429183,0.9900000000000002,0.8124375,1.175,0.4389821229050279,0.32506203208556156,0.5050615384615383,0.785778,0.5633880000000001,0.8895600000000001
FC,release_side_arm,2025,135,1.98,0.7234835019243087,0.6188434494856918,0.8344420491050147,0.9575,0.7724374999999998,1.1125000000000003,0.351930303030303,0.26686800000000005,0.42360000000000003,0.6968219999999999,0.5485620000000001,0.8154299999999997
FC,release_side_arm,2026,149,1.92,0.7261902449790794,0.634926708554334,0.811818979558386,1.02,0.7799999999999998,1.24,0.38609375,0.29358415841584146,0.4633124999999999,0.7413,0.5782139999999998,0.9117989999999996
FC,arm_angle,2021,115,41.5,10.089688719638056,8.601996272824682,11.515245048900619,13.150000000000006,10.674374999999998,15.775625000000002,0.23578698795180725,0.18532499999999982,0.2822298795180722,9.785160000000001,7.8577799999999955,11.492003249999978
FC,arm_angle,2022,120,40.25,9.992983173711645,8.421572270162347,11.482085035975004,12.787499999999994,10.13750000000001,14.725000000000001,0.23574260869565222,0.18328534608150474,0.28030135198767153,9.488640000000002,7.412999999999999,11.193629999999995
FC,arm_angle,2023,139,41.1,10.089286672371506,8.694977524021265,11.344381110344743,13.149999999999999,9.700000000000003,15.600000000000001,0.23086715328467144,0.170530802574065,0.28119743072660097,9.488639999999997,7.116480000000006,11.416019999999993
FC,arm_angle,2024,139,40.2,11.474301909769796,10.005075718331135,12.802626871076544,13.725000000000001,10.648749999999993,17.60125,0.25078805970149265,0.18598924731182823,0.32601873917060553,10.081680000000006,7.78365000000001,12.75221324999999
FC,arm_angle,2025,135,38.3,10.348092666538511,9.03141054395974,11.546719871564436,12.574999999999996,10.124375,16.1,0.2554872062663186,0.19421867704280144,0.314149764992161,9.785160000000001,7.561259999999991,11.8608
FC,arm_angle,2026,149,36.849999999999994,9.91987303617706,8.81546373945216,10.916104418583458,13.8,11.100000000000001,16.5,0.2856569877883315,0.2260137668017921,0.33546110604291884,10.526460000000013,8.302560000000001,12.379709999999996
FF,release_speed,2021,442,93.7,2.144085979626064,1.9832787855486254,2.2834493732712327,2.5749999999999886,2.200000000000003,2.9749999999999943,0.019778548559231588,0.017386567164179238,0.023734258271077908,1.8532499999999998,1.6308600000000126,2.2239
FF,release_speed,2022,413,94.0,2.3329887704149077,2.1380768783687376,2.521485105776837,2.9000000000000057,2.5999999999999943,3.299999999999997,0.02286989361702132,0.020504042553191444,0.025289552238806103,2.149770000000004,1.9273799999999957,2.3721600000000125
FF,release_speed,2023,431,94.2,2.216699957300504,2.0388584159344227,2.394771542915234,2.9000000000000057,2.5,3.1000000000000085,0.022034394904458687,0.02039555555555551,0.025155461293743284,2.0756400000000084,1.9273799999999957,2.3721599999999916
FF,release_speed,2024,416,94.275,2.2373028490710727,2.050909635742193,2.4291167081413803,3.0250000000000057,2.5,3.4000000000000057,0.02398265712012715,0.02001895672985662,0.02672767762460238,2.2609649999999872,1.8903149999999975,2.520420000000004
FF,release_speed,2025,421,94.5,2.3363017882320314,2.1539852838234723,2.5177394296383215,2.9000000000000057,2.5999999999999943,3.299999999999997,0.023533333333333333,0.02037399577167037,0.026671111111111156,2.2239,1.9273799999999957,2.520419999999983
FF,release_speed,2026,416,94.6,2.222791087824318,2.070373550324521,2.3753633956444618,3.1625000000000085,2.799999999999997,3.5,0.025075687103593994,0.021918057022175374,0.026985162213794173,2.3721599999999916,2.0756400000000084,2.557484999999992
FF,ivb,2021,442,16.44,2.4016607860709644,2.1488431625564743,2.6646797734571335,2.729999999999997,2.3999999999999986,3.0,0.11904087591240876,0.1074347826086956,0.13772937473337812,1.9570320000000003,1.779119999999999,2.2239000000000053
FF,ivb,2022,413,16.380000000000003,2.4799430250623544,2.1998138501968985,2.7608576956612554,3.0,2.6400000000000006,3.299999999999999,0.13576923076923042,0.11817826086956508,0.14716985294117654,2.2238999999999947,1.957031999999995,2.401811999999996
FF,ivb,2023,431,16.080000000000002,2.3250177282043865,2.0744819567003225,2.5774010692171228,2.6099999999999994,2.2792499999999976,2.880000000000001,0.12170597014925341,0.10032631578947351,0.13376842105263168,1.957031999999995,1.6012080000000026,2.1349440000000017
FF,ivb,2024,416,16.020000000000003,2.4041014074673446,2.183080839764878,2.6284471736944153,2.8200000000000003,2.4299999999999997,3.2399999999999984,0.1277146067415726,0.10982222222222245,0.14601363636363623,2.0459879999999933,1.779119999999999,2.312855999999998
FF,ivb,2025,421,16.080000000000002,2.4538307606890566,2.2207557627102483,2.6992835891805993,3.0,2.6400000000000006,3.3599999999999994,0.13277014925373143,0.12080444444444477,0.15489850746268619,2.1349440000000017,1.9570320000000003,2.4907679999999996
FF,ivb,2026,416,16.050000000000004,2.211176295404896,2.0599946206361377,2.3640222454243687,2.8800000000000026,2.5199999999999996,3.24,0.13024710280373863,0.1114736842105264,0.1471282442748092,2.0904660000000055,1.779120000000004,2.312856000000003
FF,hb_arm,2021,442,7.32,3.458325859232747,3.2147767369711167,3.678079983879693,4.6800000000000015,4.08,5.160000000000002,0.48002213114754094,0.41318360655737696,0.5408727610872678,3.513762,3.024504,3.8251080000000024
FF,hb_arm,2022,413,7.5600000000000005,3.542556779459809,3.294953613958105,3.7813320254127416,5.16,4.56,5.76,0.517733333333333,0.4401468749999998,0.5758859504132232,3.914063999999998,3.3803279999999987,4.269888000000001
FF,hb_arm,2023,431,7.68,3.403901975707835,3.1565905709847053,3.6561192206802176,4.319999999999999,3.8400000000000007,4.949999999999999,0.41698125,0.3594181818181818,0.49021451612903205,3.202416,2.846592,3.6494198999999887
FF,hb_arm,2024,416,7.5600000000000005,3.3541180528447274,3.102741453255038,3.613406516122482,4.215,3.8550000000000004,4.695,0.4236,0.3676185322727273,0.4700926829268292,3.202416,2.846592,3.5137619999999985
FF,hb_arm,2025,421,7.68,3.4469844302966957,3.205389402659401,3.6770749304340775,4.499999999999998,3.960000000000001,4.921499999999993,0.4401468749999998,0.38433349462365546,0.478993846153846,3.3803279999999987,3.0245039999999985,3.7361519999999993
FF,hb_arm,2026,416,7.68,3.4098423095498553,3.185356765122764,3.6297191558936444,4.44,4.08,5.039999999999999,0.4401468749999998,0.387234242375081,0.4942000000000005,3.3803279999999987,3.024504,3.7361519999999997
FF,release_spin_rate,2021,442,2280.0,155.28200659168877,144.90344718352145,165.62916087252398,220.125,189.375,235.875,0.07185407894736841,0.062424578970442325,0.07749848651938424,163.82729999999998,142.3296,176.4294
FF,release_spin_rate,2022,413,2270.0,139.90899271871243,130.2029828616214,149.1964111200371,188.0,169.0,208.0,0.06204713656387664,0.05531847129383755,0.06809367650321721,140.84699999999998,126.02099999999999,154.19039999999998
FF,release_spin_rate,2023,431,2273.0,137.78463944188658,128.56951413504856,147.32353057198284,172.75,153.25,204.0,0.05870391553013638,0.05019682420606916,0.06616831454850709,133.434,114.16019999999999,150.4839
FF,release_spin_rate,2024,416,2291.5,142.8982318547945,133.12009061400144,153.0389639829877,198.625,168.24375,212.0,0.0630824787257255,0.05483233475843004,0.06808590912167838,144.55349999999999,125.64108374999999,156.4143
FF,release_spin_rate,2025,421,2320.0,142.70480022533266,132.14120472973275,152.8716644311985,185.0,165.0,205.01249999999993,0.059431810344827585,0.051845523966418276,0.0657656330749354,137.8818,120.0906,152.7078
FF,release_spin_rate,2026,416,2319.75,134.92690878258392,125.01951592132889,144.23046101545728,168.625,146.371875,189.125,0.05352634982217911,0.04689929583894,0.06047555283732374,124.16775,108.97109999999999,139.74431624999994
FF,release_extension,2021,442,6.3,0.40468903421512514,0.37896223326842643,0.430921395865443,0.5,0.5,0.7000000000000002,0.07059999999999995,0.05837007874015748,0.07059999999999995,0.44477999999999973,0.37065,0.444780000000001
FF,release_extension,2022,413,6.4,0.40018842238117225,0.37141737790914336,0.4272899434510254,0.5,0.39999999999999947,0.6000000000000005,0.06949687499999996,0.04633125000000003,0.07059999999999995,0.44477999999999973,0.29652000000000023,0.44477999999999973
FF,release_extension,2023,431,6.5,0.40476676017952073,0.37551141856076165,0.432893047015229,0.5,0.5,0.6000000000000005,0.06842769230769227,0.04561846153846157,0.06949687499999996,0.44477999999999973,0.29652000000000023,0.44477999999999973
FF,release_extension,2024,416,6.5,0.41294556355715756,0.38192514850123754,0.44479824613500174,0.5625,0.41250000000000053,0.6000000000000005,0.06842769230769227,0.04561846153846157,0.06842769230769227,0.44477999999999973,0.29652000000000023,0.44477999999999973
FF,release_extension,2025,421,6.5,0.41988338689528687,0.3922021797016129,0.44543399819349755,0.5999999999999996,0.5,0.7000000000000002,0.06842769230769227,0.06842769230769227,0.06949687499999996,0.44477999999999973,0.44477999999999973,0.44477999999999973
FF,release_extension,2026,416,6.5,0.38894073178389676,0.3609272046614936,0.41691295755178165,0.5,0.40000000000000036,0.5999999999999996,0.04561846153846157,0.04561846153846157,0.06842769230769227,0.29652000000000023,0.29652000000000023,0.44477999999999973
FF,release_pos_z,2021,442,5.9275,0.48666535120192805,0.4150187483618872,0.5682454955501679,0.5475000000000003,0.47496874999999966,0.5975000000000001,0.06690771826233659,0.058901093775367806,0.07369439248051186,0.3965955000000001,0.34841100000000047,0.4373669999999999
FF,release_pos_z,2022,413,5.88,0.5398719413667101,0.46330040889031754,0.6225157864747678,0.54,0.47999999999999954,0.6200000000000001,0.06807857142857132,0.0580916524701875,0.07762969957081538,0.4003019999999993,0.34099800000000063,0.45219300000000084
FF,release_pos_z,2023,431,5.87,0.5013789604440286,0.43149762116066503,0.5804605403591484,0.5550000000000006,0.4950000000000001,0.6200000000000001,0.06819454855195922,0.06071823304707787,0.07869965753424647,0.40030200000000066,0.3558240000000003,0.45960600000000074
FF,release_pos_z,2024,416,5.8475,0.49616894675671896,0.43290052374990556,0.5651044242195251,0.5324999999999998,0.4800000000000004,0.6037812499999996,0.06909080803762291,0.06030915254237271,0.07655481106475007,0.40400849999999994,0.355823999999999,0.44487266250000046
FF,release_pos_z,2025,421,5.88,0.46487939668993983,0.4173447487136476,0.5148237307669558,0.5450000000000008,0.47000000000000064,0.6101249999999996,0.0655571428571428,0.057796271186440554,0.07590102389078493,0.38547599999999965,0.3409979999999993,0.44477999999999973
FF,release_pos_z,2026,416,5.84,0.42671168693011363,0.39300504160735616,0.45926437724797625,0.5424999999999995,0.47250000000000103,0.6000000000000005,0.06917953767123299,0.06082461538461544,0.07703458262350929,0.4040085000000006,0.3558240000000003,0.45219299999999957
FF,release_side_arm,2021,442,1.78,0.6997794841250747,0.6519765554426433,0.7446014723924955,0.9274999999999998,0.78121875,1.0875,0.39563764044943805,0.3261464379310343,0.46041260848126225,0.7042349999999997,0.5782140000000001,0.8118161624999997
FF,release_side_arm,2022,413,1.77,0.710372547874553,0.6579565040940576,0.7611393791884591,0.9199999999999999,0.8200000000000001,1.02,0.38530847457627115,0.34149775280898864,0.4415553343399481,0.6819959999999999,0.6078659999999998,0.770952
FF,release_side_arm,2023,431,1.8,0.7116444106616937,0.6571944655420918,0.7681252454457769,0.97,0.855,1.0699999999999998,0.4035966666666666,0.35380227272727266,0.4464647727272727,0.726474,0.6375179999999999,0.8006039999999996
FF,release_side_arm,2024,416,1.85,0.7524711751358544,0.6952014012814878,0.8039582028297269,0.9725000000000001,0.8849999999999998,1.0725,0.3906851351351349,0.35221988950276256,0.445613523170098,0.7227674999999997,0.6523439999999999,0.800604
FF,release_side_arm,2025,421,1.85,0.6979407662544611,0.6422158406819033,0.7515886393179995,0.9299999999999997,0.81,1.0,0.3726535135135137,0.3069413058968058,0.40508196721311474,0.6894090000000004,0.5930399999999998,0.7413
FF,release_side_arm,2026,416,1.8450000000000002,0.7330590984347449,0.6816526460834815,0.7852062038796115,0.9549999999999998,0.8599999999999999,1.0799999999999998,0.3897349593495935,0.352595533597818,0.4405551173620457,0.7190610000000001,0.6486375,0.8080169999999999
FF,arm_angle,2021,442,43.5,11.389353851627899,10.09046739503483,12.816782526915189,14.087499999999999,12.5,15.299999999999997,0.2419875862068966,0.21108185124825246,0.2619400013158601,10.526460000000002,9.340379999999996,11.341890000000003
FF,arm_angle,2022,413,40.8,12.393160057318102,10.921837736147198,13.927852639274349,13.799999999999997,12.399999999999999,15.249999999999993,0.250733823529412,0.22452836538461549,0.28073985148514846,10.229940000000008,9.192120000000005,11.341889999999998
FF,arm_angle,2023,431,41.3,11.492974876431209,10.165773405740072,12.898964372538394,13.049999999999997,11.975000000000001,14.925000000000004,0.23333898305084744,0.2133497560975609,0.26729567307692303,9.636899999999999,8.8956,10.971239999999998
FF,arm_angle,2024,416,40.849999999999994,12.0138312705798,10.888456726443817,13.25807603211928,13.350000000000001,11.524687499999999,15.175624999999993,0.24226083231334164,0.20498259495765322,0.27359700748129673,9.896355000000005,8.524949999999995,11.119499999999999
FF,arm_angle,2025,421,40.4,11.817799667583923,10.74800849163828,12.902301576585478,14.0,12.600000000000001,16.099999999999994,0.26055594059405945,0.2329271820448877,0.2957990349127181,10.526460000000002,9.340380000000005,12.009059999999991
FF,arm_angle,2026,416,40.275,11.194132265700508,10.378668336091652,11.964519468758054,14.249999999999993,12.649999999999999,15.800625,0.2622849162011173,0.23110016527924787,0.2889545630462867,10.563525,9.414510000000002,11.638410000000002
FS,release_speed,2021,24,85.80000000000001,2.909317085811909,1.9766780309833516,3.6467467844357135,3.7124999999999915,1.9500000000000024,5.5874999999999915,0.0328314685314685,0.018207368421052705,0.047770771001150694,2.8169399999999976,1.5567300000000062,4.151279999999995
FS,release_speed,2022,26,87.85,3.1348125940795892,2.1485493257529846,4.034702866589393,3.8874999999999886,2.299999999999997,5.650000000000006,0.03206533864541842,0.016714533464598186,0.04868015304771127,2.816940000000008,1.4826,4.225410000000002
FS,release_speed,2023,40,86.7,3.3272281429719555,2.364769825120408,4.30418503752262,3.9749999999999943,2.9000000000000057,5.5378125000000065,0.03420069204152249,0.024568800000000047,0.04844567741464966,2.9652,2.149770000000004,4.153133249999995
FS,release_speed,2024,52,86.0,3.094563391938675,2.2931178548711597,3.8607684212122573,4.25,2.450000000000003,4.9634375,0.032755116279069865,0.021840521378557316,0.042803328821154556,2.816940000000008,1.853250000000021,3.7064999999999997
FS,release_speed,2025,63,86.9,3.1764121606034847,2.483548840732159,3.816054835023629,4.099999999999994,3.049374999999997,5.1506250000000025,0.0358280782508632,0.02626070823529407,0.046182893737182554,3.1134600000000123,2.296176749999996,4.003020000000004
FS,release_speed,2026,48,86.45,3.6061167499381384,2.773304222061091,4.330942521642159,4.737499999999997,3.2746874999999913,6.351249999999988,0.04201700404858304,0.028070574906053674,0.05462659758203804,3.632370000000004,2.3721600000000125,4.744320000000004
FS,ivb,2021,24,4.14,2.4114712269195477,1.8368491861707992,2.8452070867278882,3.615,1.7400000000000007,5.385374999999998,0.7305565217391303,0.2888181818181819,1.0043419354838707,3.0245039999999994,1.3343400000000005,4.091976
FS,ivb,2022,26,3.78,2.5503284856299167,1.7937266028993477,3.1911212897791668,2.94,1.4092499999999997,5.07,0.6118666666666667,0.28338184837728203,0.8721176470588234,2.312856,1.156428,3.6471960000000005
FS,ivb,2023,40,3.06,2.4733017483642263,1.8970338399362747,2.909844960116474,2.5499999999999994,1.4699999999999998,4.2,0.6686235294117645,0.322304347826087,1.1337529411764704,2.0459879999999995,0.8895600000000001,3.380328
FS,ivb,2024,52,2.4000000000000004,2.9894227563677895,2.452259092668169,3.421473631713192,4.364999999999999,3.0,5.5200000000000005,1.3899374999999996,0.7152894736842105,2.1621249999999996,3.3358499999999993,2.223899999999999,4.315477949999995
FS,ivb,2025,63,3.0,3.68606592828313,3.070067891989149,4.2146300827494825,5.07,3.9000000000000004,6.66,1.423296,0.8669038181818179,2.774579999999981,4.269888,2.6686799999999997,4.89258
FS,ivb,2026,48,1.95,3.3881813517491097,2.64685196375355,3.9795185467517737,4.65,2.4146250000000005,5.4,1.391363076923077,0.7734659739130434,2.5349385483870956,2.713158,1.4232960000000006,4.625711999999999
FS,hb_arm,2021,24,11.459999999999999,3.037589504854137,1.8641795382010364,3.8579830444893464,2.910000000000002,1.0649999999999977,5.176499999999993,0.15524607329842946,0.06563593749999985,0.4127288324252635,1.7791200000000016,0.7561259999999983,4.714668000000002
FS,hb_arm,2022,26,11.94,3.005781198854071,1.994314267555346,3.6521461265820836,2.280000000000001,1.1700000000000017,6.78,0.12665427135678398,0.0780315789473686,0.3498263562366986,1.5122520000000006,0.9340379999999984,3.9151759499999943
FS,hb_arm,2023,40,10.71,3.1848352209518445,2.6091755987441045,3.632736157769073,5.085000000000002,2.880000000000001,7.2157499999999954,0.3779176470588235,0.1872270197368421,0.5090855421686746,4.047498,2.134943999999999,5.070492
FS,hb_arm,2024,52,10.2,2.8301576471448207,2.362662197257857,3.216890226523769,4.3050000000000015,2.7600000000000016,5.43,0.34012588235294117,0.21439845851391018,0.4313675654101996,3.4692839999999996,2.089354049999999,4.269888
FS,hb_arm,2025,63,10.8,3.0335834538427604,2.371351898122691,3.638086929104762,3.660000000000002,2.8500000000000014,5.1,0.26357333333333327,0.18727578947368415,0.35786896551724134,2.846592,2.134943999999999,3.7361519999999993
FS,hb_arm,2026,48,11.34,3.2470783102955014,2.428267005775222,4.010862277622358,3.780000000000001,2.759999999999998,5.159999999999998,0.2510222222222223,0.1719510309278351,0.3479689337101746,2.846592000000001,2.0015099999999992,3.826219949999994
FS,release_spin_rate,2021,24,1457.25,274.99657359525486,204.60728920618254,329.5528727496869,511.625,167.06875,563.5,0.17041379310344829,0.07847866097082783,0.29997698382850696,248.3355,120.08133375,402.89655
FS,release_spin_rate,2022,26,1423.75,255.88007181851063,188.39546312179831,316.99639462249746,394.0,211.625,493.50624999999997,0.18041120280948197,0.0755802395022061,0.27510907631986736,256.86044999999996,117.088335,366.2207324999999
FS,release_spin_rate,2023,40,1333.5,280.6336511429913,231.3258536168371,318.52435740071473,455.625,290.346875,611.625,0.26878031496062993,0.16645411997552229,0.3457107998603456,358.41855,217.2009,455.15819999999997
FS,release_spin_rate,2024,52,1272.5,348.5607447206025,291.7111508482375,398.4272637211526,553.5,373.490625,668.8906249999999,0.33351218074656186,0.21411520793140754,0.39707632277834526,424.39425,282.05538375,505.19595
FS,release_spin_rate,2025,63,1384.5,336.0600070538204,277.7202483278983,388.36702633088595,499.75,382.5,615.25,0.2703911159263272,0.19714128101876752,0.3419743073047859,374.3565,277.9875,451.52582999999953
FS,release_spin_rate,2026,48,1458.25,336.16469230811543,263.4521083100248,398.0731768901195,488.5,338.9875,554.878125,0.22418193039602263,0.1204417654364473,0.3204151059025261,326.9133,187.91955,424.4127824999999
FS,release_extension,2021,24,6.3,0.3599265222920858,0.28778498082584447,0.40430204665266806,0.625,0.39999999999999947,0.8249999999999993,0.07059999999999995,0.03675867768595039,0.09565161290322566,0.44477999999999973,0.2223900000000005,0.5930399999999998
FS,release_extension,2022,26,6.45,0.34409859946510396,0.267178991243829,0.3942725757557875,0.5625,0.27499999999999947,0.7506249999999965,0.057465116279069764,0.022463636363636484,0.09266249999999986,0.37065,0.14825999999999948,0.5930399999999991
FS,release_extension,2023,40,6.5,0.3960360479578232,0.31274957930486835,0.4628804739509664,0.5,0.39999999999999947,0.7000000000000002,0.06842769230769227,0.03395267175572527,0.08985454545454533,0.44477999999999973,0.2223900000000005,0.5930399999999991
FS,release_extension,2024,52,6.6,0.4237694010650541,0.3398928828601483,0.5011839079730254,0.5,0.3249999999999993,0.7000000000000002,0.06739090909090906,0.033695454545454626,0.08045116279069758,0.44477999999999973,0.2223900000000005,0.5189100000000001
FS,release_extension,2025,63,6.6,0.42022596510824045,0.35943147917683327,0.47014857360761647,0.6000000000000005,0.40000000000000036,0.8000000000000007,0.06739090909090925,0.04425671641791048,0.09123692307692315,0.444780000000001,0.29652000000000023,0.5930400000000005
FS,release_extension,2026,48,6.5,0.4007915483742477,0.33020467553499333,0.4618936432219551,0.5249999999999995,0.39999999999999947,0.7250000000000005,0.06842769230769227,0.04492727272727277,0.08985454545454533,0.44477999999999973,0.29652000000000023,0.5930399999999991
FS,release_pos_z,2021,24,5.9825,0.33096853642219415,0.2373541885624787,0.40241855433400503,0.47750000000000004,0.24374999999999947,0.7075000000000005,0.05576013372335982,0.019161227786752628,0.08300516795865615,0.33358500000000013,0.11860799999999878,0.48564416249999903
FS,release_pos_z,2022,26,5.915,0.35847459946492505,0.24144050664689096,0.45824134753433304,0.46499999999999986,0.23999999999999932,0.6799999999999997,0.06015621301775142,0.02955348837209305,0.08893287091645481,0.35582399999999964,0.17791200000000015,0.5300294999999998
FS,release_pos_z,2023,40,5.955,0.38581739735600845,0.2911686682918706,0.46367768319032016,0.4299999999999997,0.2999374999999998,0.6299999999999999,0.057884886649874144,0.03768275000000007,0.08401399999999996,0.3447045000000005,0.22239000000000114,0.496671
FS,release_pos_z,2024,52,5.73,0.40410693296824474,0.30752914243111257,0.4831110860358325,0.46499999999999986,0.3174687499999999,0.6924999999999999,0.06209842931937155,0.042396707105719474,0.09177145985177922,0.355823999999999,0.24462900000000135,0.526323
FS,release_pos_z,2025,63,5.8,0.3896125992194787,0.30391254564575054,0.47408785005299664,0.4449999999999994,0.33999999999999986,0.6399999999999997,0.05623655172413787,0.043350877192982404,0.08109194444444416,0.32617199999999963,0.2520419999999999,0.45997664999999865
FS,release_pos_z,2026,48,5.805,0.40233472004085674,0.28519746061177603,0.5045035470192576,0.442499999999999,0.33000000000000007,0.5875000000000004,0.053634108527131776,0.041996113297124854,0.07711564908028824,0.31134599999999996,0.24462900000000004,0.4484864999999996
FS,release_side_arm,2021,24,1.72,0.6115370276867003,0.4325737131265975,0.7369936509559328,0.7862500000000001,0.41993750000000013,1.1275,0.32324127906976746,0.13476278120184906,0.5859036862527709,0.555975,0.25204200000000004,0.8821469999999996
FS,release_side_arm,2022,26,1.8,0.5711104231097655,0.4374582802722435,0.6820507825363482,0.9400000000000004,0.4675,1.25375,0.4694899999999998,0.18378955150842496,0.5467806433189653,0.8450819999999997,0.3335849999999998,0.9266250000000001
FS,release_side_arm,2023,40,1.755,0.595132769069653,0.47344118601230994,0.690683337854759,0.7949999999999997,0.5349999999999999,1.1162499999999997,0.3653700854700853,0.22107189900426732,0.4918548586097521,0.6412244999999996,0.392889,0.8302559999999997
FS,release_side_arm,2024,52,1.975,0.6840235358426836,0.531036728019678,0.8157679936980702,0.82375,0.6300000000000001,1.150187499999999,0.3640815189873418,0.19621967416018776,0.4863672636815919,0.7190610000000001,0.4003019999999998,0.8747339999999998
FS,release_side_arm,2025,63,1.97,0.6492526524061539,0.5295135645227044,0.7598425980493055,0.8624999999999998,0.6299999999999999,1.1075624999999998,0.31985025380710663,0.21422889908256876,0.4274509090909092,0.630105,0.4447800000000004,0.800604
FS,release_side_arm,2026,48,1.84,0.6254525223490316,0.4929137683073847,0.7281055626178172,0.8525,0.5349374999999997,1.1075624999999998,0.3505059782608694,0.18980144927536233,0.44966386810730236,0.6449309999999997,0.38547599999999965,0.8154299999999997
FS,arm_angle,2021,24,43.05,6.166229910111026,4.037817840827274,7.9313715895971235,7.849999999999994,4.599687500000002,11.5625,0.14980975609756078,0.06490645161290329,0.19519052680316032,6.449309999999991,2.8169399999999976,8.599079999999995
FS,arm_angle,2022,26,40.55,6.6956004498936,4.4751015711168645,8.352101127288572,8.537499999999994,4.362187499999997,12.287499999999994,0.16453020961775586,0.08390114706400983,0.2210560411311053,6.6716999999999995,3.409980000000006,9.043859999999992
FS,arm_angle,2023,40,41.25,7.986982096688367,5.851090646434302,9.860192567499555,9.237499999999997,5.873124999999993,13.362812499999995,0.17701345454545445,0.10271958594816596,0.2498635119503353,7.301804999999995,4.151280000000001,10.081679999999995
FS,arm_angle,2024,52,38.75,10.745707471934931,8.511833273926648,12.670007012899948,13.375,8.850000000000001,18.788749999999997,0.24869419354838707,0.17338642691961478,0.36433063360735446,9.636899999999999,6.745830000000001,13.78818
FS,arm_angle,2025,63,38.4,10.127933633399248,8.165918590054206,11.889395663070347,12.024999999999999,9.223749999999995,15.099999999999994,0.2548218749999999,0.17648002330226364,0.2887429687499997,9.785159999999996,7.04235,11.343743249999998
FS,arm_angle,2026,48,39.25,11.195269895843518,8.397943822068124,13.438487479881829,11.162499999999994,7.699687499999996,15.901249999999992,0.23041681528662425,0.14394936023807042,0.2999590206185568,9.043860000000002,5.708010000000002,11.712540000000002
SI,release_speed,2021,216,93.3,2.7981555290533353,2.4972181400435693,3.1111514826570152,3.0999999999999943,2.450000000000017,3.799999999999997,0.025425080385852002,0.019863344051446945,0.03012850695072664,2.3721599999999916,1.8532499999999998,2.816940000000008
SI,release_speed,2022,238,93.45,2.793528710067785,2.4860804190531707,3.0716892006253107,3.487499999999997,2.9000000000000057,4.087812500000004,0.02776404494382022,0.023734258271077908,0.032610836909871196,2.59455,2.2239,3.0393299999999956
SI,release_speed,2023,236,93.4,2.8040461579210665,2.5150151500656444,3.080756456737279,3.4499999999999886,3.0249999999999915,4.000624999999997,0.028969432548179914,0.024498275847346512,0.03247147435897443,2.7057450000000043,2.298029999999996,3.0393299999999956
SI,release_speed,2024,243,93.6,2.562210380075271,2.271950662045061,2.859689948417856,3.200000000000003,2.8000000000000114,3.6499999999999915,0.025343589743589877,0.02215197438633947,0.028603215434083555,2.3721600000000125,2.0756400000000084,2.6686800000000166
SI,release_speed,2025,244,93.9,2.5081508159230035,2.236321464654347,2.76925543870652,3.299999999999997,2.8249999999999886,3.7249999999999943,0.025657348242811497,0.02201102863202554,0.028542032085561452,2.4092249999999997,2.075640000000008,2.6686800000000166
SI,release_speed,2026,277,94.2,2.4733969502910353,2.225465970230318,2.7386221809727633,3.299999999999997,2.700000000000003,3.8499999999999943,0.025182165605095674,0.021918057022175152,0.02993560042507957,2.3721600000000125,2.075639999999987,2.8169399999999873
SI,ivb,2021,216,9.57,4.8314244533120885,4.097753189687812,5.5401909968501695,5.385000000000001,4.559999999999999,6.210000000000001,0.4275836990595611,0.3568947666666666,0.49420000000000003,4.091976,3.4248060000000007,4.5378679499999945
SI,ivb,2022,238,9.030000000000001,4.800253503570692,4.1248624891478425,5.45452371265281,5.369999999999999,4.380000000000001,6.135375,0.4334511627906976,0.3521174999999996,0.5150139552071666,3.9140639999999998,3.2468940000000006,4.536756
SI,ivb,2023,236,7.98,4.358471741078354,3.7820662380044205,4.91847617926537,4.59,3.96,6.03,0.43474736842105255,0.35198417266187054,0.5670501992031872,3.4692839999999996,3.0245039999999985,4.269888000000001
SI,ivb,2024,243,8.16,4.37372936290586,3.910022015461752,4.858461291960264,5.520000000000001,4.590000000000001,6.48,0.49056617647058803,0.4129191156716415,0.6098312231182793,4.0030199999999985,3.3803280000000013,4.803624
SI,ivb,2025,244,8.100000000000001,4.451848370756948,3.891420271716075,4.997337856774471,5.4,4.71,6.180375,0.5161644444444445,0.42504409090909084,0.5886794117647056,4.180932000000001,3.5137619999999994,4.803623999999998
SI,ivb,2026,277,8.040000000000001,4.271583090628258,3.7601069274716177,4.809162639095561,5.3999999999999995,4.4399999999999995,6.0,0.4868238805970149,0.4169461505681817,0.5753373134328359,3.9140640000000007,3.291372000000002,4.4478
SI,hb_arm,2021,216,15.48,2.425737944140589,2.0397934624679306,2.8447948719411005,2.6999999999999993,2.100000000000005,3.2399999999999984,0.1206767441860464,0.10264153846153862,0.1529666666666665,1.8680759999999983,1.601208,2.312855999999998
SI,hb_arm,2022,238,15.48,2.55964190134498,2.1780028882298312,2.9283970645501927,2.76,2.3999999999999986,3.3599999999999994,0.1379162790697672,0.11403522988505706,0.15948286852589633,2.1349439999999964,1.779119999999999,2.4018120000000014
SI,hb_arm,2023,236,15.600000000000001,2.4121768804464576,1.9869338234567253,2.883171224620708,2.91,2.3546250000000004,3.3599999999999994,0.13685538461538438,0.11231818181818175,0.15966461538461535,2.1349439999999964,1.7791199999999936,2.4907679999999996
SI,hb_arm,2024,243,15.36,2.3658801574674087,1.9918356994749604,2.7604519277776367,2.6999999999999993,2.3100000000000023,3.120000000000001,0.12741093750000002,0.11228280601288469,0.15176220472440913,1.9570320000000003,1.7768960999999939,2.312855999999998
SI,hb_arm,2025,244,15.600000000000001,2.265313254466625,1.8685372264422329,2.6825190184297183,2.549999999999997,2.130000000000001,2.879999999999999,0.1254507692307689,0.10032631578947385,0.13685538461538438,1.957031999999995,1.6012079999999973,2.134943999999999
SI,hb_arm,2026,277,15.600000000000001,2.070347003096783,1.7648920840694766,2.4471729469792534,2.2799999999999994,2.039999999999999,2.7014999999999927,0.11404615384615342,0.09769069767441856,0.12741093750000002,1.7791199999999936,1.512252000000002,1.957032000000003
SI,release_spin_rate,2021,216,2132.0,154.26601652481932,139.0362688722192,168.18203815048713,211.125,169.0,241.62812499999998,0.07232195121951218,0.059051965431771825,0.08438700843190067,154.19039999999998,126.02099999999999,180.14516624999993
SI,release_spin_rate,2022,238,2151.25,146.01859175715984,133.18754018578753,157.37929762904577,199.75,161.24375,220.50312499999998,0.06805659500290528,0.05513939635916909,0.07706177372375883,146.40675,118.97864999999999,166.0512
SI,release_spin_rate,2023,236,2160.5,139.45695294163312,124.47435482580899,154.29707199401128,158.125,135.0,204.0,0.05438373061791252,0.04639474570826659,0.07011390862572359,117.49605,100.07549999999999,151.60511624999992
SI,release_spin_rate,2024,243,2151.0,154.1217198299706,138.13744726070925,169.69728029398016,199.75,173.0,233.5,0.07375090655509065,0.06077739579472976,0.0800952489644757,158.63819999999998,131.9514,172.72289999999998
SI,release_spin_rate,2025,244,2187.75,135.45304090119708,123.67588692702485,146.6335925038715,185.5,159.0,210.0,0.06251621528968118,0.054847400861166413,0.07345150326008588,136.76985,120.45198375,160.1208
SI,release_spin_rate,2026,277,2206.0,135.50352653799354,124.94869451917575,146.2447189182552,182.0,162.5,211.01249999999993,0.06115893019038984,0.054330712022382543,0.0711160347190498,134.9166,120.0906,155.673
SI,release_extension,2021,216,6.3,0.4198831278883105,0.3786868909478119,0.4606802388439818,0.5999999999999996,0.46250000000000036,0.6999999999999993,0.07059999999999995,0.0470666666666667,0.07173870967741931,0.44477999999999973,0.29652000000000023,0.444780000000001
SI,release_extension,2022,238,6.4,0.41799529332432245,0.3717508828309659,0.45979064628672134,0.5999999999999996,0.5,0.5999999999999996,0.06949687499999996,0.04633125000000003,0.07059999999999995,0.44477999999999973,0.29652000000000023,0.444780000000001
SI,release_extension,2023,236,6.5,0.4105977541182875,0.3700209726217868,0.44983977562693767,0.6000000000000005,0.5,0.7000000000000002,0.06842769230769227,0.04561846153846157,0.08045116279069758,0.44477999999999973,0.29652000000000023,0.5189099999999994
SI,release_extension,2024,243,6.4,0.43602953602178424,0.3900302351071351,0.47730682296483423,0.6000000000000005,0.39999999999999947,0.6000000000000005,0.06949687499999996,0.04561846153846157,0.06949687500000015,0.44477999999999973,0.29652000000000023,0.444780000000001
SI,release_extension,2025,244,6.4,0.4318000601102541,0.39103594166161015,0.46840595151618497,0.6000000000000005,0.5,0.7000000000000002,0.06949687499999996,0.04561846153846157,0.07059999999999995,0.44477999999999973,0.29652000000000023,0.444780000000001
SI,release_extension,2026,277,6.4,0.44154598006183193,0.3958289995437172,0.48723771796327475,0.5,0.39999999999999947,0.6000000000000005,0.06949687499999996,0.04561846153846157,0.06949687499999996,0.44477999999999973,0.29652000000000023,0.4447799999999998
SI,release_pos_z,2021,216,5.779999999999999,0.7101139391901934,0.5315322282208578,0.8817827884078265,0.6325000000000003,0.5362500000000008,0.7399999999999993,0.08528797577854695,0.06892844058839524,0.09884214124783357,0.4929645000000013,0.39659549999999943,0.5708009999999997
SI,release_pos_z,2022,238,5.755,0.7183680281264917,0.5569910682314534,0.8755691662337567,0.6712499999999997,0.5874374999999995,0.7350000000000003,0.08759061685490874,0.07477460869565218,0.09652146269445717,0.5040839999999998,0.429954,0.5485620000000001
SI,release_pos_z,2023,236,5.655,0.6881515900517357,0.5385607583227296,0.8446036145358673,0.7125000000000004,0.5899999999999999,0.82125,0.09307214854111405,0.0779281802120141,0.10835401069518719,0.526323,0.4410734999999998,0.6115725000000001
SI,release_pos_z,2024,243,5.71,0.629341566560326,0.4790603277117921,0.7815964315263516,0.5925000000000011,0.5099999999999998,0.7050000000000001,0.07789492119089313,0.06491243432574431,0.09103684210526305,0.44477999999999973,0.37065,0.5189099999999994
SI,release_pos_z,2025,244,5.72,0.5884089886099191,0.45721779044664657,0.7208662213642328,0.5825000000000005,0.47500000000000053,0.6525312500000006,0.07257482517482512,0.058996193771626404,0.08520689655172418,0.41512799999999966,0.34099799999999997,0.48184500000000025
SI,release_pos_z,2026,277,5.67,0.5741738655189056,0.45844103926343727,0.7168241131213604,0.5600000000000005,0.5,0.6400000000000006,0.07321481481481487,0.06491243432574431,0.08377894733326953,0.41512800000000033,0.37065,0.4744320000000004
SI,release_side_arm,2021,216,1.88,0.7153805161910244,0.646690102980363,0.7801193256823034,0.9375,0.8025,1.0925,0.3588207446808511,0.307533102787353,0.4443750882352938,0.674583,0.578214,0.830256
SI,release_side_arm,2022,238,1.8924999999999998,0.7886824153113818,0.7047052379505169,0.8620951031267964,0.9100000000000001,0.7712187499999997,1.1199999999999999,0.3623262879788639,0.301240171193399,0.4230716816420013,0.6857024999999999,0.5782139999999995,0.8155226624999995
SI,release_side_arm,2023,236,1.89,0.7499218807735192,0.6686985964740723,0.8298837147133964,0.9025000000000001,0.77,1.0325,0.34907777777777776,0.2982218225262369,0.3905199619823284,0.6597569999999999,0.5633879999999998,0.756126
SI,release_side_arm,2024,243,1.84,0.7235483234093905,0.6504485382959168,0.7928440366907762,0.8700000000000001,0.7599374999999998,1.045,0.3625923913043478,0.3059333333333332,0.4095620949615148,0.6671699999999999,0.5633880000000001,0.7487129999999999
SI,release_side_arm,2025,244,2.04,0.709246405742907,0.6253533552880137,0.7894191277290662,0.78375,0.6862187500000002,0.9824999999999999,0.2816213235294117,0.2511079328930931,0.34773192435501593,0.5745075,0.5188173374999995,0.6857025000000002
SI,release_side_arm,2026,277,1.93,0.7316422723156795,0.6641888871725123,0.795203185065359,0.9800000000000002,0.8700000000000001,1.1300000000000001,0.38409326424870466,0.32857621621621624,0.43429998900293254,0.7413,0.6226919999999999,0.830256
SI,arm_angle,2021,216,37.975,15.630580050989945,12.141870655428983,18.94894914079332,14.224999999999998,11.825000000000003,17.5,0.2820746543778802,0.22544690721649507,0.3362716525144813,10.711785,8.673210000000001,12.6021
SI,arm_angle,2022,238,35.349999999999994,16.07743510695908,13.187767492265094,19.052801434895404,16.3,13.799999999999997,19.25,0.33971881188118813,0.28781155137781667,0.39784071762751494,12.009059999999998,10.266078374999996,13.714049999999988
SI,arm_angle,2023,236,34.2,14.882544182656398,12.01666139525956,18.011640009388636,15.900000000000002,13.4375,18.525624999999998,0.3446394736842105,0.2734609893123427,0.40652664535798577,11.78667,9.711030000000001,13.714049999999997
SI,arm_angle,2024,243,34.6,14.62792014205059,11.94097555765485,17.65700073714008,16.500000000000004,14.249374999999993,18.775,0.3513676300578036,0.301475766016713,0.41027924528301885,12.157320000000004,10.598736749999997,13.936439999999997
SI,arm_angle,2025,244,33.9,13.89463267995724,11.23214597498475,16.683957328331466,15.274999999999999,12.5,17.163437499999997,0.330195575221239,0.27730515463917527,0.37937246658545076,11.19363,9.376518374999996,12.750359999999995
SI,arm_angle,2026,277,34.1,13.495124162847453,11.178492974644433,16.319440064003853,16.400000000000002,13.450000000000003,18.4,0.33912844574780043,0.26994117647058835,0.4043454545454545,11.564279999999995,9.636899999999999,13.343399999999999
SLV,release_speed,2021,329,85.0,3.1418884076232634,2.8037823565616353,3.457236402781418,3.950000000000003,3.5,4.299999999999997,0.03314047058823539,0.027874970622796858,0.03688933649289089,2.816940000000008,2.3721600000000125,3.1134600000000123
SLV,release_speed,2022,339,84.7,3.241045933315621,2.9379340354570256,3.5486482388464444,4.550000000000011,4.0,5.0,0.03938429752066115,0.033296180323544776,0.04381205673758865,3.3358499999999998,2.816940000000008,3.7064999999999997
SLV,release_speed,2023,371,84.5,3.292741033361874,2.966511663353313,3.605184764494451,4.200000000000003,3.6500000000000057,4.800000000000011,0.03684568047337268,0.03169453681710208,0.042259382422802944,3.1134599999999915,2.6686800000000166,3.558240000000008
SLV,release_speed,2024,383,84.8,3.1778425662606544,2.9094483666480193,3.4355501635931796,4.299999999999997,3.75,4.799999999999997,0.03671533018867939,0.03150650914158735,0.0436585308812254,3.1134600000000123,2.6686799999999957,3.7064999999999997
SLV,release_speed,2025,375,85.1,3.2602422293350224,3.001733360871169,3.5275957939256326,4.424999999999997,3.799999999999997,4.900000000000006,0.03832808460634553,0.03302391559202823,0.04260844574780063,3.261720000000004,2.816940000000008,3.632370000000004
SLV,release_speed,2026,383,85.5,3.112408618071865,2.8214515583484068,3.3889741448557906,4.0,3.3000000000000114,4.450000000000003,0.03294666666666676,0.027647552447552588,0.038148771929824604,2.816940000000008,2.3721599999999916,3.2617199999999835
SLV,ivb,2021,329,1.2000000000000002,3.5351647852068,3.2408187890432973,3.821000831142859,4.8,4.08,5.34,2.965199999999999,2.0120999999999993,4.236,3.558239999999999,3.024504,3.9140639999999998
SLV,ivb,2022,339,1.56,3.323565919698218,3.082791976306021,3.580939221472017,4.4399999999999995,3.84,5.340749999999996,2.1668769230769227,1.5812855625,3.33585,3.3803279999999996,2.846592,3.9140639999999993
SLV,ivb,2023,371,1.5,3.439093797567395,3.1468820829347592,3.7355208951761374,4.2299999999999995,3.8400000000000003,4.92,2.07564,1.58144,3.521175,3.11346,2.846592,3.6471959999999983
SLV,ivb,2024,383,1.44,3.4280608532950763,3.157199733692714,3.7119275116795603,4.5,4.02,5.13,2.34745,1.7519654278074863,3.521175,3.3803279999999996,3.024504,3.7361520000000006
SLV,ivb,2025,375,1.56,3.2777605267298333,2.9884980572185653,3.551019443716762,4.199999999999999,3.72,4.71,2.052830769230769,1.4826,3.33585,3.2024159999999995,2.757636,3.558239999999999
SLV,ivb,2026,383,1.32,3.2396286944903028,2.9901636422146423,3.468737952877705,4.4399999999999995,3.84,4.859999999999999,2.426072727272727,1.667925,3.1299333333333332,3.202416,2.8465920000000002,3.5582400000000005
SLV,hb_arm,2021,329,-5.4,4.642697273318672,4.284468484407298,4.99206552869103,6.000000000000001,4.5,6.959999999999999,0.7248266666666666,0.5993489361702126,0.8057608695652173,3.9140639999999998,3.202416,4.625711999999999
SLV,hb_arm,2022,339,-6.0600000000000005,4.960333686265615,4.616926792781646,5.268856312622099,7.35,6.0,8.46,0.77799801980198,0.6605643564356436,0.8729512675233643,4.714668,3.9140639999999993,5.604228
SLV,hb_arm,2023,371,-6.24,5.262503371797516,4.9509724235652,5.560390229398984,8.459999999999999,7.68,9.54,0.8553461538461538,0.7721874999999999,0.964409708737864,5.337359999999999,4.5367560000000005,6.22692
SLV,hb_arm,2024,383,-6.48,5.159649748935856,4.881965054204111,5.404447519567544,8.940000000000001,8.04,9.600000000000001,0.9060333333333334,0.81543,0.9790754716981127,5.8710960000000005,4.981535999999999,6.760656
SLV,hb_arm,2025,375,-6.0600000000000005,5.0042836221704095,4.738311124360316,5.246325266700847,8.61,7.5,9.360000000000001,0.8954316831683168,0.8086909090909087,0.9669130434782609,5.426316,4.625712,6.226919999999999
SLV,hb_arm,2026,383,-6.24,5.276687086608587,4.992750472551915,5.52492802585297,8.879999999999999,8.03925,9.540000000000001,0.9266249999999998,0.8139764705882353,1.054926923076923,5.782139999999999,4.892580000000001,6.582743999999999
SLV,release_spin_rate,2021,329,2412.0,237.18581598328097,218.83115603417255,253.280693774748,320.0,283.0,372.0,0.09896293532338309,0.08688286931714147,0.11257609202119853,238.6986,209.04659999999998,271.33433249999985
SLV,release_spin_rate,2022,339,2442.5,223.82679335420343,206.0453726571001,239.78337293931202,305.5,270.25,346.75624999999997,0.09438865916069601,0.08266898584632174,0.10609702285714499,230.5443,200.89229999999998,258.71369999999996
SLV,release_spin_rate,2023,371,2446.0,238.88277805850038,220.3424572669209,256.0957364695589,305.5,274.49375,346.75624999999997,0.09516279640228945,0.08079015125489215,0.10611662713753042,232.76819999999998,197.9271,260.9376
SLV,release_spin_rate,2024,383,2473.5,234.60717083964067,217.5699121581108,251.25926158402368,314.75,277.24375,349.0,0.09560327471194663,0.08332490446366823,0.10534104750304506,236.47469999999998,206.8227,260.9376
SLV,release_spin_rate,2025,375,2490.0,238.40296121155563,218.37678716368853,257.1957814783949,307.0,273.25,345.25,0.09229036144578313,0.08065300916395053,0.10283848287238215,229.803,201.6336,255.74849999999998
SLV,release_spin_rate,2026,383,2505.0,232.95697622140727,217.90111453199606,248.31002946253835,325.0,290.99375,370.75,0.09676850299401196,0.08541001191895112,0.11002875158328718,242.40509999999998,214.23569999999998,275.7636
SLV,release_extension,2021,329,6.2,0.4161596428305537,0.3858780480248667,0.4452900080296269,0.5,0.5,0.6999999999999993,0.07173870967741931,0.07059999999999995,0.07173870967741931,0.44477999999999973,0.44477999999999973,0.44477999999999973
SLV,release_extension,2022,339,6.3,0.4239814885880516,0.3870923867500895,0.46006979866045666,0.5,0.5,0.6499999999999995,0.07059999999999995,0.0470666666666667,0.07173870967741931,0.44477999999999973,0.29652000000000023,0.44477999999999973
SLV,release_extension,2023,371,6.4,0.42225350891211294,0.38613245940629337,0.45566389887225145,0.5,0.4499999999999993,0.6500000000000004,0.06949687499999996,0.04561846153846157,0.06949687499999996,0.44477999999999973,0.29652000000000023,0.44477999999999973
SLV,release_extension,2024,383,6.4,0.4262168862705236,0.3941228465454301,0.45897477233867157,0.5499999999999998,0.5,0.7000000000000002,0.06949687499999996,0.04633125000000003,0.06949687500000015,0.44477999999999973,0.29652000000000023,0.444780000000001
SLV,release_extension,2025,375,6.4,0.420235355498196,0.38531186177313537,0.45575865820747297,0.5,0.39999999999999947,0.6000000000000005,0.06949687499999996,0.04633125000000003,0.07059999999999995,0.44477999999999973,0.29652000000000023,0.444780000000001
SLV,release_extension,2026,383,6.4,0.41459212248448674,0.3793130172823353,0.4511230536244895,0.5,0.39999999999999947,0.6000000000000005,0.06949687499999996,0.04633125000000003,0.07059999999999995,0.44477999999999973,0.29652000000000023,0.44477999999999973
SLV,release_pos_z,2021,329,5.84,0.6122280101763642,0.4711697855886072,0.745579661398614,0.5500000000000007,0.46999999999999975,0.6200000000000001,0.06854486301369875,0.05849022298456249,0.0789701030927834,0.40030200000000066,0.3409979999999993,0.45960600000000074
SLV,release_pos_z,2022,339,5.78,0.6539516876483692,0.5411620231671913,0.7752718169735777,0.6299999999999999,0.5499999999999989,0.71,0.07951660899653969,0.06937642980935887,0.08993240901213162,0.4596059999999994,0.40030200000000066,0.5189099999999994
SLV,release_pos_z,2023,371,5.74,0.608943896588268,0.500703330521264,0.7307688259376578,0.6174999999999997,0.5299999999999994,0.6849999999999996,0.07748780487804872,0.06715609756097554,0.08751838831521734,0.44477999999999973,0.38547599999999965,0.5040839999999998
SLV,release_pos_z,2024,383,5.735,0.5865855292106169,0.48711739103293655,0.7011856496289355,0.6225000000000005,0.5449999999999999,0.6949999999999994,0.07884795117698358,0.06937642980935887,0.09024521739130424,0.45219300000000084,0.40030200000000066,0.5189099999999994
SLV,release_pos_z,2025,375,5.78,0.5350454599440815,0.4518247759226308,0.6378234210357603,0.5600000000000005,0.4899999999999993,0.6324999999999994,0.07182145328719729,0.06434895833333333,0.08021047120418837,0.41512800000000033,0.37065,0.45960600000000074
SLV,release_pos_z,2026,383,5.69,0.5347053061886105,0.4517452305711417,0.6350822668806942,0.5300000000000002,0.47000000000000064,0.6150000000000002,0.07035184534270661,0.0622614173228347,0.08077434094903328,0.40030200000000066,0.355823999999999,0.4596059999999994
SLV,release_side_arm,2021,329,1.93,0.7432437750932839,0.6876911788760642,0.7969732031769784,1.0150000000000001,0.8599999999999999,1.15,0.38409326424870466,0.32861752577319586,0.448787027027027,0.7413,0.6375179999999999,0.859908
SLV,release_side_arm,2022,339,1.93,0.7601136781799561,0.6978267634372818,0.8222575681215163,0.9200000000000004,0.8350000000000004,1.0500625,0.3610476683937824,0.3149564766839377,0.40791111111111095,0.6968219999999999,0.6225066749999999,0.785778
SLV,release_side_arm,2023,371,1.93,0.7500140024432903,0.6853546478420128,0.8121727444981506,0.9524999999999999,0.8699999999999999,1.0525624999999998,0.3610476683937824,0.32861752577319603,0.4100808510638298,0.6968219999999999,0.6375179999999999,0.7783649999999999
SLV,release_side_arm,2024,383,1.99,0.7360712565371297,0.6750527614187318,0.7962699077083619,0.9674999999999998,0.8599999999999999,1.0550000000000002,0.3650623115577889,0.31514202898550725,0.40434545454545456,0.726474,0.6226920000000001,0.7933763249999992
SLV,release_side_arm,2025,375,2.005,0.7404294774329918,0.6774631250059389,0.8032747427268552,0.915,0.81,1.0199999999999998,0.3438448877805485,0.2950805825242719,0.3808174563591022,0.6894089999999997,0.6078659999999998,0.756126
SLV,release_side_arm,2026,383,2.02,0.7538468029539532,0.6966332914121393,0.8094238610616074,0.9675000000000002,0.8300000000000001,1.0750624999999998,0.3523009900990099,0.3051355932203392,0.4046892857142858,0.711648,0.615279,0.800604
SLV,arm_angle,2021,329,41.1,13.667133907437517,11.064736153580874,16.303009783651824,12.199999999999996,10.600000000000001,13.900000000000006,0.21643795620437956,0.191184063289375,0.2507338235294117,8.8956,7.857780000000006,10.304069999999992
SLV,arm_angle,2022,339,38.6,14.862272697230164,12.7113796235698,17.231827547477614,14.574999999999996,12.474999999999994,16.6,0.2842290155440414,0.2349054545454546,0.3199294736842105,10.971239999999998,9.043860000000002,12.157319999999999
SLV,arm_angle,2023,371,38.5,14.072161248004686,12.051987836959949,16.453202344294304,15.149999999999999,12.924999999999997,16.775624999999994,0.28111636363636355,0.24392266355453823,0.32333297872340405,10.822979999999996,9.488639999999997,12.305579999999996
SLV,arm_angle,2024,383,37.6,13.89169673850445,11.986473156756961,16.04696975358236,16.025,13.550000000000004,17.650000000000002,0.3095321808510639,0.26116846446908243,0.3553338842975205,11.638410000000002,10.081679999999995,13.046879999999994
SLV,arm_angle,2025,375,37.2,13.058100861553985,11.325859955816723,15.223593221974097,14.575000000000003,12.524374999999996,17.199999999999996,0.29293306451612877,0.24640996205277815,0.34958779763181885,10.89710999999999,9.192120000000005,12.898619999999992
SLV,arm_angle,2026,383,37.45,12.97643464658676,11.225936287446524,15.043067222451699,14.95,13.549999999999997,16.750625000000003,0.30285420560747656,0.2611834196891192,0.33842960932795363,11.341889999999998,9.933419999999993,12.379710000000001
