game_year,pitch_type,pitches,whiffs,swings,called_strikes,csw,bip,in_zone,sum_dre,n_dre,sum_xwoba,n_xwoba,whiff_pct,csw_pct,zone_pct,rv100,xwobacon,usage_share
2021,CH,79907,11621,40825,7800,19421,15824,31625,164.759,79907,6482.724093241778,21823,28.46540110226577,24.30450398588359,39.57725856307958,-0.20618844406622697,0.297059253688392,11.27995844144111
2021,CS,152,17,71,17,34,30,54,6.19,152,12.243860135888502,41,23.943661971830984,22.36842105263158,35.526315789473685,-4.072368421052632,0.29863073502167076,0.021456864643886627
2021,CU,51815,6342,20798,9796,16138,7459,22316,64.04299999999998,51815,3225.82266473115,11806,30.493316665063947,31.145421210074304,43.068609476020455,-0.12359934381935728,0.27323586860335,7.314391062651222
2021,FC,51421,5816,25926,7713,13529,9419,25323,-100.09400000000001,51421,4191.685445280922,12992,22.433078762632107,26.310262344178447,49.24641683358939,0.19465587989342878,0.3226358871059823,7.258772610876936
2021,FF,252068,23364,120858,44597,67961,40806,137300,300.35299999999995,252068,21426.885264377164,61356,19.331777788810008,26.961375501848707,54.46942888426933,-0.11915554532903817,0.3492223297538491,35.58282208588957
2021,FS,11448,2118,5923,873,2991,1901,4060,-42.255,11447,800.7848036324867,3211,35.75890595981766,26.12683438155136,35.46470999301188,0.36913601817069974,0.24938797995406004,1.6160407002843034
2021,KC,16097,2197,6764,2871,5068,2299,6850,-26.640000000000004,16097,992.7200303867855,3827,32.480780603193374,31.484127477169658,42.55451326334099,0.1654966763993291,0.25939901499524054,2.272310198504231
2021,SI,108132,6901,49238,22082,28983,21967,57569,24.663999999999984,108131,10090.185227161564,29116,14.015597709086478,26.803351459327487,53.239559057448304,-0.02280937011587795,0.34655121675922396,15.264300576794401
2021,SL,117861,19234,56868,17246,36480,18805,51894,-286.221,117860,8369.729902526266,30371,33.82218470844764,30.951714307531752,44.02983175096088,0.24284829458679788,0.2755829542170579,16.63768107758633
2021,ST,16640,2709,7685,2830,5539,2439,7292,-104.303,16640,1026.970381835056,4297,35.250487963565384,33.28725961538461,43.82211538461539,0.6268209134615385,0.2389970634943114,2.348962024172852
2021,SV,2857,395,1245,552,947,417,1306,-17.91,2857,170.07202132649974,699,31.72690763052209,33.146657332866646,45.71228561428072,0.6268813440672033,0.2433076127703859,0.40330435715515855
2022,CH,79126,11489,40322,7703,19192,15640,30692,123.90300000000008,79124,6257.649324794063,21689,28.493130301076334,24.254985718979857,38.78876728256199,-0.1565934482584299,0.2885171895796977,11.203681415929204
2022,CS,107,9,45,15,24,22,42,3.394,107,8.442006493506494,25,20.0,22.429906542056074,39.25233644859813,-3.17196261682243,0.3376802597402597,0.015150442477876107
2022,CU,51793,6121,21045,10232,16353,7543,22610,28.46700000000003,51792,3145.2215333118625,11623,29.08529341886434,31.573764794470296,43.65454791187998,-0.054964087117701635,0.27060324643481565,7.333522123893805
2022,FC,53226,5770,26702,8155,13925,9986,26481,-12.50299999999996,53226,4341.941495733647,13363,21.60886824956932,26.16202607748093,49.7520009018149,0.023490399428850485,0.32492265926316294,7.536424778761062
2022,FF,235130,21580,113972,40627,62207,38536,127077,288.56600000000014,235130,19759.63030350867,57595,18.9344751342435,26.45642835878025,54.04542168162293,-0.12272615149066479,0.3430789183698007,33.29274336283186
2022,FS,11342,2080,6083,818,2898,2023,4113,-54.14499999999999,11342,785.6787740614968,3333,34.193654446819004,25.55104919767237,36.2634456004232,0.4773849409275259,0.23572720493894295,1.6059469026548672
2022,KC,16416,2244,7193,2908,5152,2577,7130,-10.42499999999999,16416,1078.978023161224,4068,31.196997080494924,31.38401559454191,43.43323586744639,0.06350511695906427,0.26523550225202164,2.3243893805309734
2022,SI,109303,6613,50518,22841,29454,22959,58945,-47.539999999999914,109301,10289.30403472379,29825,13.090383625638387,26.94711032634054,53.92807150764389,0.0434945700405302,0.34498923838135087,15.476530973451327
2022,SL,114735,18539,56105,16365,34904,18879,50552,-223.87199999999993,114734,8086.745541489092,29453,33.043400766420106,30.42140584825903,44.05978995075609,0.1951226314780274,0.2745644091090582,16.24566371681416
2022,ST,31783,4723,14780,5237,9960,4959,14118,-104.09199999999998,31782,2089.157173523417,8117,31.955345060893098,31.337507472548218,44.41997294150961,0.3275187212887798,0.257380457499497,4.500247787610619
2022,SV,3289,398,1487,655,1053,541,1600,-9.608999999999998,3289,229.74577636295174,819,26.76529926025555,32.015810276679844,48.6470051687443,0.29215567041653995,0.28051987345903756,0.46569911504424777
2023,CH,77970,11589,39269,7573,19162,14947,30371,111.23499999999994,77970,6139.200416334733,20971,29.511828668924597,24.57611902013595,38.952161087597794,-0.14266384506861607,0.29274714683776326,10.89442731249834
2023,CS,71,4,28,3,7,15,21,2.118,71,8.260440832535885,22,14.285714285714286,9.859154929577464,29.577464788732396,-2.9830985915492954,0.37547458329708566,0.009920537888769811
2023,CU,46954,5811,19568,8491,14302,6959,20267,15.250999999999959,46954,3040.1356616222124,10902,29.696443172526575,30.4595987562295,43.163521744686285,-0.032480725816756734,0.2788603615503772,6.560689239849264
2023,FC,56942,6227,28179,9219,15446,10467,29218,-71.78800000000004,56942,4754.347734342923,14132,22.098016253238228,27.125847353447366,51.3118611920902,0.12607214358470029,0.3364242665116702,7.9562713867933885
2023,FF,230194,21255,110765,40166,61421,37025,125139,382.78799999999984,230189,19813.04293781493,56276,19.189274590348937,26.682276688358517,54.36240736074789,-0.16629291582134673,0.3520691402696519,32.16406054602081
2023,FO,778,195,358,48,243,74,188,-5.976000000000001,778,40.24112855993432,216,54.46927374301676,31.23393316195373,24.164524421593832,0.7681233933161955,0.18630152111080703,0.10870673911919596
2023,FS,16018,2761,8336,1201,3962,2789,5823,-69.94000000000001,16018,1161.5509710746649,4518,33.12140115163148,24.73467349232114,36.35285304032963,0.43663378698963673,0.25709406176951416,2.2381292380607722
2023,KC,14207,1951,6251,2415,4366,2193,6100,40.31499999999998,14207,985.8372424753045,3504,31.211006239001758,30.731329626240587,42.93658055887943,-0.2837685647920038,0.28134624499865996,1.9850856589542636
2023,SI,111256,6359,50563,24281,30640,23044,61608,-208.6330000000001,111256,10760.206771838928,30569,12.576389850285782,27.54008772560581,55.37499101172072,0.18752516718199477,0.35199734279299055,15.545343145816537
2023,SL,111948,17627,54418,16222,33849,18342,50222,-181.2570000000001,111947,8178.799168672494,28383,32.391855636002795,30.236359738449995,44.86190016793511,0.16191322679482262,0.2881583753892292,15.642033458760604
2023,ST,46274,6597,21176,7398,13995,7284,20209,-82.76800000000004,46274,3102.2407138401386,11733,31.15319229316207,30.243765397415395,43.67247266283442,0.1788650213943036,0.2644030268337287,6.465675637534285
2023,SV,3075,330,1298,614,944,501,1377,-7.430000000000002,3075,227.48741649686602,748,25.423728813559322,30.69918699186992,44.78048780487805,0.24162601626016267,0.3041275621615856,0.42965709870376295
2024,CH,72468,10694,36566,6885,17579,14094,28177,160.517,72468,5701.019457922453,19516,29.245747415632007,24.25760335596401,38.881989291825356,-0.2215005243693768,0.2921202837631919,10.253652973528235
2024,CS,61,3,24,10,13,16,22,-0.057,61,4.749918032786885,19,12.5,21.311475409836067,36.0655737704918,0.09344262295081968,0.24999568593615185,0.008631021021488413
2024,CU,43767,5395,18248,8161,13556,6411,19031,125.37299999999999,43767,2829.7977228085847,10007,29.5648838228847,30.97310759247835,43.4825325016565,-0.28645554870107615,0.28278182500335614,6.192686836843989
2024,FC,58206,6101,28659,9451,15552,10696,29933,0.12499999999998629,58205,4834.695508712246,14219,21.28825150912453,26.718894959282547,51.42596983128887,-0.00021475818228672156,0.34001656295887517,8.235691960274664
2024,FF,225910,20926,110904,38657,59583,36775,124843,-20.127000000000088,225909,18914.27643684191,55763,18.86857101637452,26.37466247620734,55.262272586428224,0.008909339601343942,0.3391904387648066,31.96449113056471
2024,FO,150,22,81,18,40,20,54,0.9789999999999999,150,10.763381142857142,38,27.160493827160494,26.666666666666668,36.0,-0.6526666666666666,0.2832468721804511,0.0212238221839879
2024,FS,21898,3735,11448,1651,5386,3788,8118,-36.984,21898,1552.3517967731575,6009,32.625786163522015,24.595853502602978,37.07187871038451,0.16889213626815236,0.25833779277303337,3.098395054566447
2024,KC,12358,1799,5472,2028,3827,1847,5054,-8.581000000000003,12358,799.335628882573,3033,32.876461988304094,30.967794141446834,40.89658520796245,0.06943680207153265,0.2635462014119924,1.7485599636648164
2024,SI,111897,6035,51387,24703,30738,23783,63425,-4.664000000000019,111897,11010.288513826685,31103,11.744215463054859,27.469905359393014,56.68159110610651,0.004168118895055291,0.3539944222045039,15.832546872811294
2024,SL,104360,16511,51131,15133,31644,17268,47069,-217.94500000000002,104360,7524.65922645285,26593,32.291564804130566,30.321962437715598,45.10252970486776,0.20883959371406674,0.2829563880138702,14.766120554139848
2024,ST,51983,7062,23782,8402,15464,8347,22917,-57.29400000000002,51983,3426.2112200583015,13054,29.69472710453284,29.74818690725814,44.08556643518073,0.11021680164669222,0.2624644721968976,7.355186323934953
2024,SV,3695,413,1524,732,1145,586,1584,-0.33800000000000185,3695,247.5340165550957,876,27.099737532808398,30.987821380243574,42.868741542625166,0.009147496617050117,0.28257307825924166,0.5228134864655686
2025,CH,73209,10792,36871,6482,17274,14035,28592,95.799,73209,5584.038609786817,19634,29.269615687125384,23.59545957464246,39.05530740755918,-0.1308568618612466,0.2844065707337688,10.343088360369931
2025,CS,398,42,167,61,103,66,178,4.303,398,22.990377502304145,95,25.149700598802394,25.87939698492462,44.72361809045226,-1.0811557788944723,0.2420039737084647,0.05623009694746866
2025,CU,47415,5762,19630,8622,14384,7052,20735,158.735,47415,3073.6719888767147,11019,29.35303107488538,30.33639143730887,43.730886850152906,-0.3347780238321207,0.27894291577064295,6.698869464231724
2025,FC,53437,5330,26326,8826,14156,9783,28796,10.044000000000016,53437,4521.842944897626,12983,20.246144495935578,26.491008102999793,53.8877556749069,-0.018795965342365807,0.3482895282213376,7.549667564276087
2025,FF,226315,20461,110452,38902,59363,37237,127905,60.57700000000007,226315,19253.0787424027,55991,18.52478904863651,26.23025429158474,56.516359940790494,-0.02676667476747015,0.3438602407958904,31.974156760468265
2025,FO,750,148,380,47,195,109,215,-7.785,750,47.518862990982164,219,38.94736842105263,26.0,28.666666666666668,1.038,0.21698110954786376,0.10596123796633541
2025,FS,23267,3976,12110,1700,5676,4164,8966,-20.993,23266,1647.3255040663805,6492,32.83236994219653,24.39506597326686,38.535264537757335,0.09023037909395684,0.25374699692951025,3.287200165016968
2025,KC,12690,1971,5677,1987,3958,1862,5243,23.48,12690,834.9654549731871,3167,34.719041747401796,31.18991331757289,41.31599684791174,-0.1850275807722616,0.2636455494073846,1.7928641463903952
2025,SI,110179,6053,50067,24589,30642,23254,63824,-232.27999999999994,110179,10510.523764608371,30432,12.089799668444284,27.81110737980922,57.92755425262527,0.21082057379355407,0.3453773581955958,15.566270983857159
2025,SL,102150,15834,50320,14558,30392,17473,47652,-114.67499999999998,102148,7666.632898210681,26231,31.466613672496024,29.752325012236906,46.649045521292216,0.11226357833731447,0.29227375617439977,14.431920611014883
2025,ST,54456,7423,24621,8890,16313,8680,24631,-22.456999999999994,54456,3592.459152432251,13379,30.1490597457455,29.956294990451006,45.23101219333039,0.04123879829587188,0.26851477333375073,7.693633566259681
2025,SV,3540,473,1545,590,1063,530,1521,5.455,3540,232.96710486071916,873,30.614886731391586,30.028248587570623,42.96610169491525,-0.15409604519774012,0.26685808116920867,0.5001370432011031
