game_year,family,cell_id,pitches,n_pitchers,usage_share,balanced,whiff_pct,csw_pct,rv100,xwobacon,rv100_rel,csw_pct_rel
2023,CH,CH|40|0|3,685,84,0.00096,False,32.17391,27.29927,-0.35504,0.27159,-0.36567,-0.41354
2023,CH,CH|40|1|3,994,102,0.00139,True,33.39623,26.86117,1.4161,0.2565,1.40547,-0.85165
2023,CH,CH|40|2|2,540,58,0.00075,False,28.15884,25.37037,-0.33611,0.30722,-0.34674,-2.34244
2023,CH,CH|40|2|3,1098,89,0.00153,True,37.07665,30.51002,0.84581,0.28512,0.83518,2.79721
2023,CH,CH|41|-1|3,537,72,0.00075,False,28.21429,23.83613,-1.71583,0.34511,-1.72646,-3.87669
2023,CH,CH|41|0|3,1507,153,0.00211,True,27.69831,24.41938,0.33251,0.28008,0.32188,-3.29344
2023,CH,CH|41|0|4,1012,119,0.00141,True,34.26854,26.67984,-1.63241,0.29282,-1.64304,-1.03297
2023,CH,CH|41|1|3,1924,195,0.00269,True,30.16878,24.94802,-0.86102,0.3055,-0.87165,-2.76479
2023,CH,CH|41|1|4,1270,135,0.00177,True,33.53941,28.0315,1.19063,0.26204,1.18,0.31868
2023,CH,CH|41|2|2,643,101,0.0009,False,29.3578,23.48367,-0.74526,0.35235,-0.75589,-4.22914
2023,CH,CH|41|2|3,1553,161,0.00217,True,31.06547,25.7566,-0.21578,0.27865,-0.22641,-1.95621
2023,CH,CH|41|2|4,636,100,0.00089,False,30.06135,26.88679,-0.13758,0.31896,-0.14821,-0.82602
2023,CH,CH|41|3|3,605,70,0.00085,False,30.66667,26.44628,-0.13025,0.30225,-0.14088,-1.26653
2023,CH,CH|42|-1|3,633,104,0.00088,True,32.16561,24.48657,-0.97978,0.30902,-0.99041,-3.22624
2023,CH,CH|42|0|2,740,113,0.00103,True,25.78947,22.56757,-0.86162,0.33891,-0.87225,-5.14525
2023,CH,CH|42|0|3,1997,208,0.00279,True,29.85366,24.3365,-0.15418,0.28684,-0.16481,-3.37631
2023,CH,CH|42|0|4,1351,166,0.00189,True,31.44928,24.50037,-0.57047,0.32359,-0.5811,-3.21244
2023,CH,CH|42|1|2,705,146,0.00099,True,25.46419,24.39716,1.87816,0.31962,1.86752,-3.31565
2023,CH,CH|42|1|3,2780,253,0.00388,True,25.12315,22.44604,-1.18011,0.33069,-1.19074,-5.26677
2023,CH,CH|42|1|4,1967,202,0.00275,True,30.31536,25.31774,0.06177,0.29364,0.05114,-2.39507
2023,CH,CH|42|2|2,580,145,0.00081,False,30.66202,26.2069,-3.15345,0.35522,-3.16408,-1.50592
2023,CH,CH|42|2|3,1993,215,0.00278,True,27.14138,24.0843,-0.20472,0.31391,-0.21535,-3.62852
2023,CH,CH|42|2|4,1161,152,0.00162,True,31.80272,25.66753,-0.46649,0.264,-0.47713,-2.04529
2023,CH,CH|42|3|3,676,102,0.00094,False,31.3783,27.95858,0.31228,0.27992,0.30165,0.24577
2023,CH,CH|43|-1|3,593,104,0.00083,True,32.80255,27.99325,2.29815,0.23265,2.28751,0.28044
2023,CH,CH|43|0|2,652,116,0.00091,True,29.19075,21.77914,-0.02822,0.27505,-0.03885,-5.93367
2023,CH,CH|43|0|3,2028,219,0.00283,True,29.2233,23.02761,-0.0539,0.28733,-0.06453,-4.6852
2023,CH,CH|43|0|4,1388,177,0.00194,True,29.12333,23.27089,-0.08696,0.26088,-0.09759,-4.44192
2023,CH,CH|43|1|2,700,135,0.00098,True,23.29545,21.71429,0.21857,0.3095,0.20794,-5.99853
2023,CH,CH|43|1|3,2914,260,0.00407,True,26.83952,22.85518,-1.02406,0.32035,-1.03469,-4.85763
2023,CH,CH|43|1|4,1978,231,0.00276,True,28.48665,23.1547,0.11072,0.30287,0.10009,-4.55811
2023,CH,CH|43|2|3,1963,220,0.00274,True,28.26531,23.63729,-0.11212,0.30726,-0.12276,-4.07552
2023,CH,CH|43|2|4,1062,160,0.00148,True,32.56705,23.91714,1.1097,0.25959,1.09907,-3.79568
2023,CH,CH|43|3|3,581,98,0.00081,False,26.64093,25.3012,-1.69105,0.29889,-1.70168,-2.41161
2023,CH,CH|44|0|3,1446,168,0.00202,True,32.20109,26.14108,0.84025,0.26045,0.82962,-1.57173
2023,CH,CH|44|0|4,1231,152,0.00172,True,31.31148,23.63932,-0.86052,0.28823,-0.87115,-4.0735
2023,CH,CH|44|1|3,2120,216,0.00296,True,26.8599,22.9717,-0.70769,0.32111,-0.71832,-4.74111
2023,CH,CH|44|1|4,1759,181,0.00246,True,31.50358,24.72996,-0.32598,0.28664,-0.33661,-2.98285
2023,CH,CH|44|2|3,1348,176,0.00188,True,24.05063,19.51039,-0.18539,0.29808,-0.19602,-8.20243
2023,CH,CH|44|2|4,774,115,0.00108,True,30.39773,24.4186,-0.75969,0.30257,-0.77032,-3.29421
2023,CH,CH|45|0|3,655,91,0.00092,True,28.0597,20.76336,-0.8629,0.32822,-0.87353,-6.94945
2023,CH,CH|45|0|4,751,78,0.00105,True,33.7766,23.03595,-0.48123,0.29244,-0.49186,-4.67686
2023,CH,CH|45|1|3,883,114,0.00123,True,23.69565,20.9513,0.80091,0.26727,0.79027,-6.76151
2023,CH,CH|45|1|4,926,97,0.00129,True,30.19694,23.21814,-0.29536,0.29261,-0.30599,-4.49467
2023,CU,CU|37|-3|-4,513,69,0.00072,False,31.81818,30.99415,-0.07466,0.26118,-0.08529,3.28134
2023,CU,CU|37|-4|-3,802,91,0.00112,False,26.44928,33.16708,0.23641,0.30897,0.22578,5.45427
2023,CU,CU|38|-3|-2,562,96,0.00079,False,29.55665,32.38434,-1.02722,0.33454,-1.03786,4.67153
2023,CU,CU|38|-3|-3,874,114,0.00122,True,26.37681,32.15103,-1.35572,0.33067,-1.36635,4.43822
2023,CU,CU|38|-3|-4,596,81,0.00083,True,22.00772,25.67114,-0.76527,0.34044,-0.7759,-2.04167
2023,CU,CU|38|-4|-2,652,89,0.00091,False,29.58333,32.82209,0.77684,0.2879,0.76621,5.10927
2023,CU,CU|38|-4|-3,1201,127,0.00168,True,25.92593,30.14155,-1.39475,0.31584,-1.40539,2.42874
2023,CU,CU|38|-4|-4,509,65,0.00071,False,31.7757,29.86248,1.0778,0.26373,1.06717,2.14966
2023,CU,CU|38|-5|-3,614,57,0.00086,False,29.15129,28.82736,-0.43062,0.30414,-0.44125,1.11455
2023,CU,CU|39|-2|-2,536,97,0.00075,True,27.39726,30.59701,-0.20056,0.3068,-0.21119,2.8842
2023,CU,CU|39|-3|-2,844,136,0.00118,True,21.4511,26.65877,0.8846,0.28015,0.87397,-1.05405
2023,CU,CU|39|-3|-3,1149,128,0.00161,True,23.1203,29.85205,-0.81767,0.31447,-0.8283,2.13923
2023,CU,CU|39|-3|-4,818,89,0.00114,True,31.75487,33.12958,1.64315,0.26046,1.63252,5.41677
2023,CU,CU|39|-4|-2,977,121,0.00137,True,21.10818,25.17912,-0.9436,0.31837,-0.95423,-2.53369
2023,CU,CU|39|-4|-3,1393,126,0.00195,True,30.92105,32.01723,0.33618,0.29032,0.32555,4.30442
2023,CU,CU|39|-4|-4,665,78,0.00093,True,27.36842,27.66917,-0.46662,0.28744,-0.47725,-0.04364
2023,CU,CU|39|-5|-2,523,61,0.00073,False,24.75728,24.66539,0.54283,0.27907,0.5322,-3.04742
2023,CU,CU|39|-5|-3,631,57,0.00088,False,30.38869,28.52615,0.59556,0.24795,0.58493,0.81334
2023,CU,CU|40|-2|-1,737,70,0.00103,True,33.12883,31.88602,-0.05197,0.27962,-0.0626,4.17321
2023,CU,CU|40|-2|-2,566,99,0.00079,True,25.5144,29.15194,-1.71643,0.34227,-1.72706,1.43913
2023,CU,CU|40|-2|-3,547,84,0.00076,True,24.90119,31.80987,-1.90256,0.30233,-1.91319,4.09706
2023,CU,CU|40|-2|-4,504,59,0.0007,True,28.0543,30.95238,0.13472,0.27652,0.12409,3.23957
2023,CU,CU|40|-3|-1,599,83,0.00084,True,26.9962,28.38063,-0.84107,0.32031,-0.8517,0.66782
2023,CU,CU|40|-3|-2,802,132,0.00112,True,25.50725,25.81047,-0.51721,0.36496,-0.52784,-1.90234
2023,CU,CU|40|-3|-3,1227,116,0.00171,True,30.03663,31.37734,0.17808,0.27319,0.16745,3.66453
2023,CU,CU|40|-3|-4,789,71,0.0011,True,27.80899,27.62991,0.38606,0.25522,0.37543,-0.0829
2023,CU,CU|40|-4|-2,992,112,0.00139,True,27.60181,26.31048,0.18185,0.28717,0.17122,-1.40233
2023,CU,CU|40|-4|-3,1295,103,0.00181,True,30.70175,31.81467,0.05181,0.28008,0.04118,4.10186
2023,CU,CU|40|-4|-4,511,59,0.00071,True,31.46552,32.48532,1.53777,0.20015,1.52714,4.77251
2023,CU,CU|41|-2|-1,599,55,0.00084,False,33.45455,30.38397,-0.32154,0.28552,-0.33217,2.67116
2023,CU,CU|41|-3|-1,558,69,0.00078,False,33.89831,29.39068,-0.50645,0.28219,-0.51708,1.67787
2023,CU,CU|41|-3|-2,717,97,0.001,True,31.13208,29.14923,0.82469,0.26664,0.81406,1.43642
2023,CU,CU|41|-3|-3,810,76,0.00113,True,29.14286,30.74074,-0.34988,0.28562,-0.36051,3.02793
2023,CU,CU|41|-3|-4,648,42,0.00091,False,39.67213,29.78395,0.55694,0.24308,0.54631,2.07114
2023,CU,CU|41|-4|-2,689,71,0.00096,True,28.27586,26.26996,0.05994,0.25994,0.04931,-1.44286
2023,CU,CU|41|-4|-3,687,71,0.00096,True,33.213,31.44105,-0.60422,0.25806,-0.61485,3.72824
2023,FC,FC|42|0|-1,582,83,0.00081,False,25.66667,30.06873,0.86942,0.28752,0.85878,2.35592
2023,FC,FC|42|1|-1,1187,110,0.00166,True,22.80405,29.31761,-0.72308,0.36914,-0.73371,1.60479
2023,FC,FC|42|1|-2,702,89,0.00098,True,24.77341,28.49003,0.35655,0.31749,0.34592,0.77722
2023,FC,FC|42|2|-1,549,67,0.00077,False,22.90076,31.87614,0.61457,0.33746,0.60394,4.16333
2023,FC,FC|43|0|-1,885,116,0.00124,True,28.95928,28.81356,-0.30011,0.32568,-0.31074,1.10075
2023,FC,FC|43|0|-2,1098,112,0.00153,True,22.75986,27.14026,-0.48479,0.33414,-0.49542,-0.57256
2023,FC,FC|43|1|-1,2567,179,0.00359,True,21.98413,27.03545,0.21075,0.34931,0.20012,-0.67736
2023,FC,FC|43|1|-2,2058,143,0.00288,True,21.06299,27.93975,0.21205,0.34172,0.20142,0.22693
2023,FC,FC|43|1|0,506,95,0.00071,True,22.38806,24.70356,-2.39862,0.36922,-2.40925,-3.00926
2023,FC,FC|43|2|-1,1820,133,0.00254,True,20.65095,28.84615,0.02511,0.3736,0.01448,1.13334
2023,FC,FC|43|2|-2,789,85,0.0011,True,25.72944,29.40431,1.14728,0.33632,1.13664,1.6915
2023,FC,FC|43|2|0,609,89,0.00085,False,19.16376,26.27258,-0.21445,0.44286,-0.22508,-1.44024
2023,FC,FC|44|0|-1,808,104,0.00113,True,31.60494,30.69307,-0.65074,0.34503,-0.66137,2.98026
2023,FC,FC|44|0|-2,958,100,0.00134,True,27.87879,30.48017,1.20752,0.26916,1.19688,2.76735
2023,FC,FC|44|1|-1,2973,198,0.00415,True,21.33508,26.16885,-0.34931,0.35561,-0.35994,-1.54396
2023,FC,FC|44|1|-2,2244,158,0.00314,True,24.49355,28.16399,0.17585,0.32464,0.16522,0.45118
2023,FC,FC|44|1|0,719,108,0.001,True,24.28571,27.121,-0.29346,0.35415,-0.30409,-0.59181
2023,FC,FC|44|2|-1,3217,178,0.00449,True,20.24422,28.1318,0.00233,0.34719,-0.0083,0.41899
2023,FC,FC|44|2|-2,1214,118,0.0017,True,19.79346,24.7117,-0.14432,0.32494,-0.15495,-3.00112
2023,FC,FC|44|2|0,1095,123,0.00153,True,16.02317,23.56164,-0.97059,0.38878,-0.98122,-4.15117
2023,FC,FC|44|3|-1,737,76,0.00103,True,20.51282,25.10176,-0.66079,0.41024,-0.67142,-2.61105
2023,FC,FC|44|3|0,568,61,0.00079,True,17.79661,27.28873,-0.34049,0.36361,-0.35112,-0.42408
2023,FC,FC|45|1|-1,1957,159,0.00273,True,20.82111,24.68063,-0.03935,0.33077,-0.04998,-3.03218
2023,FC,FC|45|1|-2,1191,110,0.00166,True,26.13828,26.70025,0.87935,0.29637,0.86871,-1.01256
2023,FC,FC|45|1|0,587,94,0.00082,True,22.55892,25.55366,-0.48705,0.32449,-0.49768,-2.15915
2023,FC,FC|45|2|-1,2285,158,0.00319,True,19.37128,25.55799,0.1519,0.3533,0.14127,-2.15483
2023,FC,FC|45|2|-2,706,92,0.00099,True,23.29843,25.21246,2.3296,0.287,2.31897,-2.50035
2023,FC,FC|45|2|0,832,110,0.00116,True,16.95761,25.0,-0.41526,0.37817,-0.4259,-2.71281
2023,FC,FC|45|3|-1,659,77,0.00092,True,20.8589,26.10015,-0.19788,0.36334,-0.20851,-1.61266
2023,FC,FC|45|3|0,542,74,0.00076,False,18.46154,26.01476,-1.20627,0.35991,-1.2169,-1.69805
2023,FC,FC|46|1|-1,860,63,0.0012,True,22.48908,24.4186,1.50826,0.29323,1.49762,-3.29421
2023,FC,FC|46|2|-1,1105,77,0.00154,True,19.37843,24.52489,0.22606,0.33773,0.21543,-3.18793
2023,FC,FC|47|2|-1,552,36,0.00077,True,18.43972,24.63768,-0.58623,0.40211,-0.59686,-3.07513
2023,FF,FF|44|3|0,589,74,0.00082,False,14.81481,27.16469,0.04652,0.36551,0.03589,-0.54813
2023,FF,FF|44|3|1,1055,120,0.00147,True,15.52106,26.91943,-1.22227,0.41203,-1.23291,-0.79338
2023,FF,FF|44|3|2,890,124,0.00124,True,12.77778,27.07865,-1.88326,0.45326,-1.89389,-0.63416
2023,FF,FF|44|4|0,785,73,0.0011,False,10.09174,27.13376,-0.11389,0.4188,-0.12452,-0.57906
2023,FF,FF|44|4|1,1243,122,0.00174,True,16.86047,30.0885,-0.40684,0.39284,-0.41747,2.37568
2023,FF,FF|44|4|2,703,93,0.00098,True,14.19355,29.30299,0.26956,0.37678,0.25893,1.59017
2023,FF,FF|45|2|-1,510,33,0.00071,False,19.35484,28.03922,1.35078,0.33852,1.34015,0.3264
2023,FF,FF|45|2|0,570,91,0.0008,False,14.33692,23.85965,-0.85404,0.41171,-0.86467,-3.85316
2023,FF,FF|45|2|1,635,118,0.00089,False,10.56106,21.25984,-3.29276,0.4287,-3.30339,-6.45297
2023,FF,FF|45|2|2,633,124,0.00088,True,13.82979,23.22275,-1.44676,0.40829,-1.45739,-4.49006
2023,FF,FF|45|3|-1,558,59,0.00078,False,15.41502,23.65591,-1.29552,0.38297,-1.30615,-4.0569
2023,FF,FF|45|3|0,2044,172,0.00286,True,15.82969,24.90215,-0.87295,0.40354,-0.88358,-2.81066
2023,FF,FF|45|3|1,3968,278,0.00554,True,15.38037,25.40323,-0.88475,0.40183,-0.89538,-2.30959
2023,FF,FF|45|3|2,3878,279,0.00542,True,13.61502,26.92109,-1.45629,0.42146,-1.46692,-0.79172
2023,FF,FF|45|3|3,1460,155,0.00204,True,18.41705,29.17808,-0.16164,0.40481,-0.17227,1.46527
2023,FF,FF|45|4|-1,510,47,0.00071,False,13.53712,25.09804,-0.5998,0.37731,-0.61044,-2.61477
2023,FF,FF|45|4|0,2722,162,0.0038,True,14.60768,26.74504,-0.99647,0.39945,-1.0071,-0.96777
2023,FF,FF|45|4|1,4682,289,0.00654,True,17.83626,28.44938,-0.09592,0.38455,-0.10655,0.73657
2023,FF,FF|45|4|2,3291,249,0.0046,True,15.17857,29.01854,-0.59733,0.38733,-0.60796,1.30572
2023,FF,FF|45|4|3,609,97,0.00085,True,16.73469,32.84072,0.74828,0.33821,0.73764,5.12791
2023,FF,FF|45|5|1,538,79,0.00075,True,16.94915,28.06691,-0.51375,0.39899,-0.52439,0.3541
2023,FF,FF|46|2|-1,750,49,0.00105,False,16.84492,22.4,0.90628,0.33554,0.89564,-5.31281
2023,FF,FF|46|2|0,988,124,0.00138,True,16.09977,26.72065,-1.46528,0.39008,-1.47591,-0.99217
2023,FF,FF|46|2|1,1103,171,0.00154,True,17.58691,23.84406,-0.90481,0.36409,-0.91544,-3.86875
2023,FF,FF|46|2|2,1269,167,0.00177,True,18.03543,24.9015,-0.05028,0.32949,-0.06091,-2.81132
2023,FF,FF|46|2|3,1134,128,0.00158,True,15.17857,24.86772,-1.62646,0.39198,-1.63709,-2.84509
2023,FF,FF|46|3|-1,1234,84,0.00172,False,16.41026,25.36467,0.25186,0.34485,0.24123,-2.34815
2023,FF,FF|46|3|0,4137,270,0.00578,True,18.29831,25.59826,-0.30597,0.35648,-0.3166,-2.11455
2023,FF,FF|46|3|1,8280,424,0.01157,True,17.34852,25.31401,-1.26005,0.39433,-1.27068,-2.3988
2023,FF,FF|46|3|2,9049,431,0.01264,True,16.05107,25.19615,-1.50023,0.39845,-1.51086,-2.51666
2023,FF,FF|46|3|3,4008,233,0.0056,True,17.50267,27.37026,-0.13241,0.36476,-0.14304,-0.34255
2023,FF,FF|46|3|4,607,46,0.00085,False,16.79389,27.6771,-0.15733,0.30666,-0.16796,-0.03571
2023,FF,FF|46|4|-1,776,84,0.00108,False,20.1995,26.80412,1.16778,0.30843,1.15715,-0.90869
2023,FF,FF|46|4|0,5502,276,0.00769,True,18.8373,25.71792,-0.37663,0.36429,-0.38726,-1.99489
2023,FF,FF|46|4|1,11768,428,0.01644,True,18.44075,27.55778,-0.01202,0.37033,-0.02265,-0.15503
2023,FF,FF|46|4|2,9016,406,0.0126,True,18.34841,28.6047,-0.09367,0.37194,-0.1043,0.89189
2023,FF,FF|46|4|3,1766,182,0.00247,True,20.90465,31.37033,-0.56535,0.38058,-0.57598,3.65752
2023,FF,FF|46|5|0,735,97,0.00103,True,22.58065,28.43537,-0.20204,0.32428,-0.21267,0.72256
2023,FF,FF|46|5|1,1387,163,0.00194,True,23.70821,29.34391,0.74052,0.34577,0.72989,1.63109
2023,FF,FF|46|5|2,776,124,0.00108,True,23.18436,31.0567,1.02294,0.33477,1.01231,3.34389
2023,FF,FF|47|2|0,620,92,0.00087,True,16.5493,24.19355,-1.3129,0.37689,-1.32353,-3.51926
2023,FF,FF|47|2|1,1049,164,0.00147,True,12.52567,19.16111,-0.64557,0.38518,-0.6562,-8.55171
2023,FF,FF|47|2|2,1510,178,0.00211,True,13.03725,21.3245,-2.10358,0.40988,-2.11421,-6.38831
2023,FF,FF|47|2|3,1317,143,0.00184,True,14.28571,24.90509,-1.01579,0.37253,-1.02642,-2.80773
2023,FF,FF|47|3|-1,597,73,0.00083,True,14.33447,21.60804,0.12881,0.34434,0.11818,-6.10477
2023,FF,FF|47|3|0,2913,258,0.00407,True,19.0007,23.48095,-1.18641,0.34647,-1.19704,-4.23187
2023,FF,FF|47|3|1,8985,438,0.01255,True,18.67211,25.17529,-0.37456,0.34902,-0.38519,-2.53752
2023,FF,FF|47|3|2,11698,449,0.01635,True,17.36075,25.38896,-0.20399,0.35403,-0.21462,-2.32386
2023,FF,FF|47|3|3,4273,251,0.00597,True,18.89055,28.34074,-0.38722,0.36462,-0.39785,0.62793
2023,FF,FF|47|4|-1,519,71,0.00073,False,22.26721,24.27746,1.12929,0.27097,1.11866,-3.43536
2023,FF,FF|47|4|0,5844,268,0.00817,True,21.39219,26.79671,0.80566,0.32074,0.79503,-0.9161
2023,FF,FF|47|4|1,14408,436,0.02013,True,20.37794,27.05441,0.14648,0.34593,0.13585,-0.6584
2023,FF,FF|47|4|2,11417,432,0.01595,True,21.3418,28.21231,0.19933,0.34864,0.18869,0.4995
2023,FF,FF|47|4|3,1991,216,0.00278,True,25.54974,31.64239,1.19161,0.2961,1.18098,3.92958
2023,FF,FF|47|5|0,844,93,0.00118,True,28.43373,30.45024,1.34917,0.28146,1.33854,2.73742
2023,FF,FF|47|5|1,1534,166,0.00214,True,24.96644,30.89961,0.2131,0.31424,0.20247,3.1868
2023,FF,FF|47|5|2,712,132,0.00099,True,28.10651,31.74157,1.19902,0.28631,1.18839,4.02876
2023,FF,FF|48|2|1,517,93,0.00072,False,17.08333,23.01741,0.04313,0.30413,0.0325,-4.6954
2023,FF,FF|48|2|2,929,112,0.0013,True,15.59829,20.34446,-2.05005,0.36388,-2.06068,-7.36836
2023,FF,FF|48|2|3,750,73,0.00105,True,16.39344,26.13333,0.15947,0.34447,0.14884,-1.57948
2023,FF,FF|48|3|0,1108,145,0.00155,True,21.57895,22.56318,-0.64829,0.32136,-0.65892,-5.14964
2023,FF,FF|48|3|1,4349,287,0.00608,True,20.44944,25.04024,-0.44555,0.31737,-0.45618,-2.67257
2023,FF,FF|48|3|2,6975,294,0.00975,True,20.1346,24.47312,-0.22116,0.33641,-0.23179,-3.23969
2023,FF,FF|48|3|3,3309,172,0.00462,True,18.32335,26.01995,0.42403,0.32771,0.41339,-1.69287
2023,FF,FF|48|4|0,2617,159,0.00366,True,25.61066,27.32136,1.1324,0.29163,1.12177,-0.39145
2023,FF,FF|48|4|1,7978,300,0.01115,True,22.78001,27.21233,0.4108,0.30982,0.40017,-0.50048
2023,FF,FF|48|4|2,6542,294,0.00914,True,23.82501,28.6151,0.8373,0.30258,0.82667,0.90229
2023,FF,FF|48|4|3,1308,135,0.00183,True,25.19084,30.42813,1.16613,0.28036,1.1555,2.71532
2023,FF,FF|48|5|1,715,93,0.001,True,31.1828,30.62937,1.42559,0.26092,1.41496,2.91656
2023,FF,FF|49|3|1,881,109,0.00123,True,20.08457,23.15551,0.03614,0.31117,0.02551,-4.55731
2023,FF,FF|49|3|2,2157,135,0.00301,True,18.84956,24.293,0.71224,0.31389,0.70161,-3.41981
2023,FF,FF|49|3|3,1049,70,0.00147,True,21.70819,25.0715,-0.13279,0.30288,-0.14342,-2.64132
2023,FF,FF|49|4|0,630,46,0.00088,True,25.0,27.77778,1.60921,0.26494,1.59858,0.06496
2023,FF,FF|49|4|1,2179,109,0.00304,True,25.70671,28.17806,0.69481,0.26397,0.68418,0.46525
2023,FF,FF|49|4|2,2284,108,0.00319,True,25.86904,28.41506,1.0264,0.28627,1.01577,0.70225
2023,FS,FS|42|0|2,523,45,0.00073,True,34.62898,25.43021,-0.013,0.26958,-0.02363,-2.2826
2023,FS,FS|43|0|3,600,41,0.00084,True,29.31596,22.16667,0.48883,0.26452,0.4782,-5.54615
2023,FS,FS|44|0|3,598,32,0.00084,True,30.18868,23.74582,1.45903,0.24888,1.4484,-3.96699
2023,SI,SI|43|1|3,522,38,0.00073,False,8.82353,31.99234,-1.09751,0.42186,-1.10814,4.27952
2023,SI,SI|44|0|3,578,63,0.00081,False,11.28405,26.98962,0.87751,0.33024,0.86688,-0.72319
2023,SI,SI|44|0|4,790,60,0.0011,False,14.58333,30.50633,0.78899,0.3733,0.77836,2.79352
2023,SI,SI|44|1|3,1280,98,0.00179,True,11.61525,28.04688,-0.86086,0.43625,-0.87149,0.33406
2023,SI,SI|44|1|4,962,87,0.00134,True,11.75115,27.65073,-1.33067,0.38881,-1.3413,-0.06209
2023,SI,SI|44|2|3,1117,105,0.00156,True,9.01099,28.20054,-0.98648,0.39983,-0.99711,0.48772
2023,SI,SI|44|2|4,723,85,0.00101,False,5.26316,29.04564,-0.75159,0.37496,-0.76222,1.33283
2023,SI,SI|45|0|3,1032,97,0.00144,True,12.36897,27.90698,1.08624,0.3648,1.07561,0.19416
2023,SI,SI|45|0|4,1217,109,0.0017,True,11.94853,28.43057,0.34643,0.36054,0.33579,0.71775
2023,SI,SI|45|1|2,720,85,0.00101,False,11.81556,24.02778,-1.34972,0.40854,-1.36035,-3.68504
2023,SI,SI|45|1|3,2619,175,0.00366,True,10.23689,27.3005,0.75567,0.35954,0.74504,-0.41232
2023,SI,SI|45|1|4,2452,176,0.00343,True,11.75355,30.0571,0.81566,0.35045,0.80503,2.34428
2023,SI,SI|45|2|2,935,107,0.00131,False,11.81818,25.13369,-1.08342,0.37527,-1.09405,-2.57912
2023,SI,SI|45|2|3,3771,192,0.00527,True,10.08798,26.91594,-0.29894,0.39115,-0.30957,-0.79688
2023,SI,SI|45|2|4,2354,161,0.00329,True,10.62562,29.90654,0.61266,0.36015,0.60203,2.19373
2023,SI,SI|45|3|2,502,88,0.0007,False,13.83929,28.88446,-0.70518,0.37065,-0.71581,1.17165
2023,SI,SI|45|3|3,1495,132,0.00209,True,10.25237,29.63211,0.56502,0.38634,0.55439,1.91929
2023,SI,SI|46|-1|4,567,44,0.00079,True,15.61181,29.45326,-0.30741,0.34055,-0.31804,1.74045
2023,SI,SI|46|0|3,1392,122,0.00194,True,13.36478,28.95115,-0.24174,0.35929,-0.25237,1.23834
2023,SI,SI|46|0|4,1846,124,0.00258,True,14.01985,30.8234,0.78548,0.34938,0.77485,3.11059
2023,SI,SI|46|1|2,800,112,0.00112,True,10.10929,24.0,-1.26025,0.36646,-1.27088,-3.71281
2023,SI,SI|46|1|3,3400,219,0.00475,True,9.34881,26.20588,-0.27459,0.36795,-0.28522,-1.50693
2023,SI,SI|46|1|4,4098,224,0.00573,True,11.09884,29.23377,0.65505,0.32017,0.64442,1.52096
2023,SI,SI|46|2|2,1077,132,0.0015,True,10.08065,24.14113,-1.27122,0.3974,-1.28185,-3.57168
2023,SI,SI|46|2|3,6008,276,0.00839,True,10.08282,26.43142,0.0253,0.36582,0.01467,-1.28139
2023,SI,SI|46|2|4,4350,245,0.00608,True,11.22181,29.14943,0.11037,0.35143,0.09974,1.43661
2023,SI,SI|46|3|2,665,124,0.00093,True,10.09464,24.06015,-1.95504,0.40827,-1.96567,-3.65266
2023,SI,SI|46|3|3,3004,191,0.0042,True,12.55411,27.19707,-0.08738,0.38331,-0.09801,-0.51574
2023,SI,SI|46|3|4,974,127,0.00136,True,14.80638,28.13142,0.88224,0.32044,0.87161,0.4186
2023,SI,SI|47|-1|4,550,29,0.00077,False,16.31799,34.0,2.43582,0.3043,2.42519,6.28719
2023,SI,SI|47|0|3,1056,98,0.00148,True,12.00828,29.07197,0.61581,0.35184,0.60518,1.35916
2023,SI,SI|47|0|4,1893,119,0.00265,True,14.09639,29.79398,0.12182,0.31872,0.11119,2.08116
2023,SI,SI|47|1|3,2634,207,0.00368,True,11.50729,24.79119,0.19844,0.34717,0.18781,-2.92162
2023,SI,SI|47|1|4,4215,215,0.00589,True,13.4814,29.01542,0.5418,0.34536,0.53117,1.30261
2023,SI,SI|47|2|2,754,128,0.00105,True,14.16667,26.92308,0.28064,0.36938,0.27001,-0.78974
2023,SI,SI|47|2|3,4748,258,0.00663,True,12.21062,26.55855,0.02921,0.34206,0.01858,-1.15426
2023,SI,SI|47|2|4,4151,233,0.0058,True,11.93059,27.41508,0.76733,0.33389,0.7567,-0.29773
2023,SI,SI|47|3|2,518,111,0.00072,True,13.36032,24.51737,-1.15386,0.42356,-1.16449,-3.19544
2023,SI,SI|47|3|3,2563,183,0.00358,True,13.4647,25.94616,-0.21885,0.35715,-0.22948,-1.76666
2023,SI,SI|47|3|4,874,134,0.00122,True,14.55847,26.77346,0.82357,0.32228,0.81294,-0.93936
2023,SI,SI|48|0|4,886,69,0.00124,True,14.71963,27.8781,0.57472,0.30258,0.56409,0.16529
2023,SI,SI|48|1|3,1027,120,0.00143,True,12.77533,25.99805,0.12629,0.34144,0.11566,-1.71476
2023,SI,SI|48|1|4,2212,130,0.00309,True,12.86142,27.48644,1.69643,0.31393,1.6858,-0.22638
2023,SI,SI|48|2|3,2248,158,0.00314,True,10.86106,23.75445,-0.12825,0.34089,-0.13888,-3.95836
2023,SI,SI|48|2|4,2542,150,0.00355,True,13.13808,27.38002,0.44107,0.34244,0.43044,-0.3328
2023,SI,SI|48|3|3,1207,113,0.00169,True,15.13514,26.34631,0.44242,0.34287,0.43179,-1.3665
2023,SI,SI|49|1|4,753,46,0.00105,True,13.87435,26.56042,1.65086,0.29122,1.64023,-1.15239
2023,SI,SI|49|2|3,733,57,0.00102,False,14.32432,24.82947,0.89686,0.34227,0.88623,-2.88335
2023,SI,SI|49|2|4,788,52,0.0011,False,16.75393,29.56853,0.7335,0.31983,0.72287,1.85571
2023,SI,SI|49|3|3,605,42,0.00085,False,14.69649,26.28099,1.06298,0.30307,1.05234,-1.43182
2023,SLV,SLV|39|-1|-4,1040,132,0.00145,True,25.5914,29.23077,-1.01808,0.31669,-1.02871,1.51796
2023,SLV,SLV|39|-1|-5,950,119,0.00133,True,25.60386,31.26316,-0.46937,0.30609,-0.48,3.55034
2023,SLV,SLV|39|0|-3,576,113,0.0008,True,25.72464,28.47222,0.78524,0.27759,0.77461,0.75941
2023,SLV,SLV|39|0|-4,1176,147,0.00164,True,25.67568,31.88776,0.08954,0.29226,0.07891,4.17494
2023,SLV,SLV|39|0|-5,907,118,0.00127,True,24.11168,32.08379,0.84642,0.24236,0.83579,4.37098
2023,SLV,SLV|40|-1|-1,776,86,0.00108,True,31.08108,32.73196,-0.66869,0.28554,-0.67932,5.01915
2023,SLV,SLV|40|-1|-2,925,167,0.00129,True,28.3293,29.51351,-1.04162,0.33776,-1.05225,1.8007
2023,SLV,SLV|40|-1|-3,1075,188,0.0015,True,29.45892,29.02326,-1.09219,0.33362,-1.10282,1.31044
2023,SLV,SLV|40|-1|-4,1758,218,0.00246,True,26.95883,28.78271,-1.49488,0.3056,-1.50551,1.06989
2023,SLV,SLV|40|-1|-5,1306,164,0.00182,True,27.41652,30.39816,-0.30643,0.27227,-0.31706,2.68535
2023,SLV,SLV|40|-2|-4,731,125,0.00102,True,30.39216,30.64295,-1.3751,0.33839,-1.38573,2.93014
2023,SLV,SLV|40|-2|-5,541,86,0.00076,False,23.64341,27.35675,1.38096,0.2867,1.37033,-0.35607
2023,SLV,SLV|40|0|-1,633,98,0.00088,True,28.41727,30.64771,0.90205,0.2999,0.89142,2.9349
2023,SLV,SLV|40|0|-2,959,179,0.00134,True,27.25,29.40563,-0.38259,0.31477,-0.39322,1.69282
2023,SLV,SLV|40|0|-3,1380,201,0.00193,True,28.75,30.43478,-0.86268,0.31895,-0.87331,2.72197
2023,SLV,SLV|40|0|-4,2210,213,0.00309,True,26.6137,27.82805,-0.46244,0.27417,-0.47307,0.11524
2023,SLV,SLV|40|0|-5,1394,155,0.00195,True,31.03448,31.85079,1.00617,0.25252,0.99554,4.13798
2023,SLV,SLV|40|1|-2,525,105,0.00073,False,29.33884,33.33333,-1.2341,0.35057,-1.24473,5.62052
2023,SLV,SLV|40|1|-3,931,144,0.0013,True,32.73942,33.08271,0.69108,0.2871,0.68045,5.36989
2023,SLV,SLV|40|1|-4,958,142,0.00134,True,25.82781,31.10647,-0.22589,0.29728,-0.23652,3.39366
2023,SLV,SLV|41|-1|-1,2069,184,0.00289,True,31.86813,30.06283,-0.38134,0.29253,-0.39197,2.35002
2023,SLV,SLV|41|-1|-2,2316,296,0.00324,True,28.69565,30.35406,-0.84149,0.32206,-0.85213,2.64125
2023,SLV,SLV|41|-1|-3,1870,257,0.00261,True,29.23434,28.4492,-0.64476,0.33857,-0.65539,0.73638
2023,SLV,SLV|41|-1|-4,1897,207,0.00265,True,29.08277,28.57143,-1.03553,0.30316,-1.04616,0.85862
2023,SLV,SLV|41|-1|-5,1048,139,0.00146,True,30.37975,29.29389,0.03149,0.26409,0.02086,1.58108
2023,SLV,SLV|41|-1|0,505,47,0.00071,False,38.07692,31.08911,0.80059,0.21476,0.78996,3.3763
2023,SLV,SLV|41|-2|-1,677,90,0.00095,False,31.17647,29.68981,-0.51743,0.27887,-0.52806,1.97699
2023,SLV,SLV|41|-2|-2,686,153,0.00096,True,31.85841,29.00875,-1.48455,0.31307,-1.49518,1.29593
2023,SLV,SLV|41|-2|-3,750,130,0.00105,True,29.94505,28.26667,-0.5528,0.2937,-0.56343,0.55385
2023,SLV,SLV|41|-2|-4,905,122,0.00126,True,35.73086,30.60773,1.73271,0.24448,1.72208,2.89492
2023,SLV,SLV|41|0|-1,2488,222,0.00348,True,33.10924,32.43569,-0.93654,0.32786,-0.94717,4.72288
2023,SLV,SLV|41|0|-2,2431,298,0.0034,True,29.02946,29.4529,-0.1587,0.29721,-0.16933,1.74009
2023,SLV,SLV|41|0|-3,2171,268,0.00303,True,28.98833,27.6831,-0.33694,0.29117,-0.34757,-0.02972
2023,SLV,SLV|41|0|-4,2253,221,0.00315,True,30.38462,28.80604,0.45735,0.26086,0.44671,1.09322
2023,SLV,SLV|41|0|-5,1321,138,0.00185,True,32.94702,31.11279,1.66964,0.22399,1.65901,3.39998
2023,SLV,SLV|41|1|-1,846,153,0.00118,True,31.66227,29.31442,-0.5513,0.28144,-0.56193,1.60161
2023,SLV,SLV|41|1|-2,1103,188,0.00154,True,28.10078,28.37715,-0.17525,0.29166,-0.18588,0.66434
2023,SLV,SLV|41|1|-3,1340,202,0.00187,True,32.60188,32.01493,0.6709,0.23615,0.66026,4.30211
2023,SLV,SLV|41|1|-4,1093,151,0.00153,True,29.20696,30.74108,-0.68573,0.29655,-0.69636,3.02827
2023,SLV,SLV|41|1|-5,565,94,0.00079,False,35.49618,34.69027,0.81292,0.22521,0.80229,6.97745
2023,SLV,SLV|42|-1|-1,2671,227,0.00373,True,34.95072,30.36316,-0.52449,0.30187,-0.53512,2.65035
2023,SLV,SLV|42|-1|-2,3416,323,0.00477,True,33.49197,30.94262,0.43475,0.27542,0.42412,3.22981
2023,SLV,SLV|42|-1|-3,1631,232,0.00228,True,27.98408,27.83568,-0.40595,0.29,-0.41658,0.12287
2023,SLV,SLV|42|-1|-4,1103,130,0.00154,True,30.85938,26.8359,0.19592,0.23742,0.18529,-0.87691
2023,SLV,SLV|42|-1|-5,506,81,0.00071,True,40.17094,33.00395,2.90178,0.17091,2.89115,5.29114
2023,SLV,SLV|42|-2|-1,806,113,0.00113,True,41.86047,29.90074,-0.59392,0.241,-0.60455,2.18793
2023,SLV,SLV|42|-2|-2,791,154,0.00111,True,34.97409,28.31858,-1.3818,0.26607,-1.39243,0.60577
2023,SLV,SLV|42|-2|-3,534,102,0.00075,True,36.8,27.90262,0.50955,0.23826,0.49892,0.18981
2023,SLV,SLV|42|0|-1,5030,315,0.00703,True,35.43531,31.68986,-0.18614,0.28942,-0.19677,3.97705
2023,SLV,SLV|42|0|-2,4399,373,0.00615,True,30.57385,30.21141,-0.07027,0.3199,-0.0809,2.4986
2023,SLV,SLV|42|0|-3,1834,246,0.00256,True,32.19568,30.37077,0.4717,0.27378,0.46107,2.65796
2023,SLV,SLV|42|0|-4,1428,160,0.002,True,34.35226,32.56303,1.1486,0.24003,1.13797,4.85021
2023,SLV,SLV|42|0|-5,612,85,0.00086,True,41.29693,32.84314,1.17206,0.19112,1.16143,5.13032
2023,SLV,SLV|42|0|0,1039,120,0.00145,True,44.70339,34.35996,0.55294,0.24342,0.5423,6.64715
2023,SLV,SLV|42|1|-1,2022,240,0.00283,True,29.12821,29.92087,-0.13714,0.33173,-0.14777,2.20806
2023,SLV,SLV|42|1|-2,1904,279,0.00266,True,29.8541,30.09454,-0.41644,0.3248,-0.42707,2.38172
2023,SLV,SLV|42|1|-3,1123,187,0.00157,True,28.82883,28.04987,-0.0992,0.28752,-0.10983,0.33705
2023,SLV,SLV|42|1|-4,721,110,0.00101,True,38.27893,29.81969,0.53717,0.23629,0.52654,2.10688
2023,SLV,SLV|42|1|0,503,96,0.0007,False,30.19608,30.01988,0.25924,0.25219,0.24861,2.30707
2023,SLV,SLV|43|-1|-1,1983,201,0.00277,True,37.48754,31.41704,0.27811,0.25074,0.26748,3.70423
2023,SLV,SLV|43|-1|-2,2463,239,0.00344,True,34.32709,29.51685,0.05944,0.26952,0.04881,1.80404
2023,SLV,SLV|43|-1|-3,948,150,0.00132,True,29.42529,28.27004,0.34937,0.28556,0.33874,0.55723
2023,SLV,SLV|43|-1|-4,516,65,0.00072,False,34.12698,31.58915,0.39961,0.23452,0.38898,3.87633
2023,SLV,SLV|43|-2|-1,657,71,0.00092,True,36.41618,32.72451,1.86058,0.24742,1.84995,5.01169
2023,SLV,SLV|43|-2|-2,523,86,0.00073,True,37.3444,34.99044,1.32639,0.25494,1.31576,7.27763
2023,SLV,SLV|43|0|-1,5104,318,0.00713,True,32.77928,30.15282,0.3104,0.27191,0.29977,2.44001
2023,SLV,SLV|43|0|-2,4897,330,0.00684,True,33.01731,30.42679,0.62951,0.29068,0.61888,2.71398
2023,SLV,SLV|43|0|-3,1147,177,0.0016,True,32.16912,29.81691,0.29686,0.27869,0.28623,2.1041
2023,SLV,SLV|43|0|0,934,117,0.00131,True,39.21569,29.87152,-0.30642,0.29818,-0.31706,2.15871
2023,SLV,SLV|43|1|-1,3350,258,0.00468,True,30.56069,30.23881,0.72158,0.30733,0.71095,2.52599
2023,SLV,SLV|43|1|-2,2829,251,0.00395,True,31.64835,30.78826,0.55688,0.31317,0.54624,3.07545
2023,SLV,SLV|43|1|0,778,136,0.00109,True,34.04826,30.97686,0.16388,0.31848,0.15325,3.26405
2023,SLV,SLV|43|2|-1,737,117,0.00103,True,22.6087,26.45862,-0.56459,0.34535,-0.57522,-1.2542
2023,SLV,SLV|44|-1|-1,925,99,0.00129,True,36.38254,30.59459,0.48357,0.26246,0.47294,2.88178
2023,SLV,SLV|44|-1|-2,1088,129,0.00152,True,36.52803,30.97426,0.56176,0.2715,0.55113,3.26145
2023,SLV,SLV|44|0|-1,2943,214,0.00411,True,32.20998,29.49371,0.38471,0.28157,0.37408,1.7809
2023,SLV,SLV|44|0|-2,2642,203,0.00369,True,33.05598,29.44739,1.18675,0.25081,1.17612,1.73458
2023,SLV,SLV|44|0|-3,584,77,0.00082,False,29.72973,30.13699,0.60051,0.30082,0.58988,2.42417
2023,SLV,SLV|44|0|0,545,86,0.00076,True,27.97203,26.78899,0.20532,0.30932,0.19469,-0.92382
2023,SLV,SLV|44|1|-1,2766,196,0.00386,True,32.8839,28.70571,0.17035,0.31916,0.15972,0.9929
2023,SLV,SLV|44|1|-2,1912,171,0.00267,True,34.24084,30.23013,0.8319,0.29224,0.82127,2.51731
2023,SLV,SLV|44|1|0,676,106,0.00094,True,30.19391,27.21893,-2.98107,0.40942,-2.9917,-0.49388
2023,SLV,SLV|44|2|-1,694,93,0.00097,True,23.91931,25.21614,0.31326,0.27781,0.30263,-2.49667
2023,SLV,SLV|45|0|-1,936,85,0.00131,True,37.55102,30.23504,2.28632,0.2207,2.27569,2.52223
2023,SLV,SLV|45|0|-2,805,77,0.00112,True,40.38929,32.29814,-0.05205,0.22575,-0.06268,4.58532
2023,SLV,SLV|45|1|-1,961,105,0.00134,True,30.16878,26.53486,-0.13319,0.31316,-0.14383,-1.17795
2023,SLV,SLV|45|1|-2,561,83,0.00078,True,34.68013,29.76827,1.58161,0.26773,1.57098,2.05546
2024,CH,CH|40|0|3,605,77,0.00086,False,26.54321,22.80992,-0.07818,0.29051,-0.08653,-4.71413
2024,CH,CH|40|1|3,936,89,0.00132,True,30.0,26.06838,0.4094,0.26793,0.40105,-1.45567
2024,CH,CH|40|2|2,551,46,0.00078,False,26.88172,26.49728,0.27205,0.29156,0.2637,-1.02677
2024,CH,CH|40|2|3,903,76,0.00128,True,29.26829,25.91362,1.20332,0.27226,1.19497,-1.61042
2024,CH,CH|41|0|3,1208,128,0.00171,True,25.34483,22.01987,-1.64272,0.32049,-1.65106,-5.50418
2024,CH,CH|41|0|4,820,103,0.00116,True,28.6802,24.39024,-1.34622,0.35443,-1.35457,-3.1338
2024,CH,CH|41|1|3,1515,173,0.00214,True,26.83871,24.0264,-0.34099,0.31644,-0.34934,-3.49764
2024,CH,CH|41|1|4,1113,120,0.00157,True,30.81285,24.97754,0.18023,0.26721,0.17189,-2.5465
2024,CH,CH|41|2|2,586,92,0.00083,False,30.35144,25.42662,0.12355,0.28686,0.1152,-2.09742
2024,CH,CH|41|2|3,1502,130,0.00213,True,31.87831,26.76431,-0.35979,0.26062,-0.36813,-0.75973
2024,CH,CH|41|2|4,694,96,0.00098,False,33.62573,29.39481,-0.00245,0.27398,-0.0108,1.87077
2024,CH,CH|41|3|3,541,71,0.00077,False,28.26855,25.69316,-0.29982,0.27238,-0.30816,-1.83088
2024,CH,CH|42|-1|3,760,101,0.00108,True,28.42377,24.34211,-0.47895,0.30745,-0.48729,-3.18194
2024,CH,CH|42|-1|4,616,70,0.00087,False,31.91489,26.94805,1.73588,0.2406,1.72753,-0.57599
2024,CH,CH|42|0|2,634,108,0.0009,True,28.95522,23.81703,-0.74432,0.31916,-0.75267,-3.70701
2024,CH,CH|42|0|3,2171,182,0.00307,True,28.66128,24.45877,0.25053,0.2864,0.24218,-3.06527
2024,CH,CH|42|0|4,1659,144,0.00235,True,30.56558,24.65341,-0.18626,0.27811,-0.1946,-2.87064
2024,CH,CH|42|1|2,622,128,0.00088,True,25.22523,23.15113,0.24453,0.3172,0.23619,-4.37292
2024,CH,CH|42|1|3,2294,223,0.00325,True,27.68974,23.40889,-0.51552,0.31611,-0.52387,-4.11515
2024,CH,CH|42|1|4,1514,162,0.00214,True,28.98551,24.90092,0.22913,0.28725,0.22078,-2.62312
2024,CH,CH|42|2|3,1886,183,0.00267,True,29.81172,24.12513,-1.29136,0.31508,-1.2997,-3.39891
2024,CH,CH|42|2|4,852,121,0.00121,True,35.88517,26.17371,-0.52617,0.27493,-0.53452,-1.35033
2024,CH,CH|42|3|3,600,88,0.00085,False,31.20805,28.33333,0.142,0.25136,0.13365,0.80929
2024,CH,CH|43|-1|3,821,106,0.00116,True,32.14286,25.57856,0.59342,0.28987,0.58508,-1.94548
2024,CH,CH|43|-1|4,530,86,0.00075,False,34.39716,23.96226,0.34321,0.24257,0.33486,-3.56178
2024,CH,CH|43|0|2,712,118,0.00101,True,27.94521,25.5618,0.43638,0.29665,0.42803,-1.96225
2024,CH,CH|43|0|3,2500,192,0.00354,True,30.26211,23.76,-0.51604,0.30415,-0.52439,-3.76404
2024,CH,CH|43|0|4,1722,173,0.00244,True,32.48619,24.97096,0.48972,0.27038,0.48137,-2.55308
2024,CH,CH|43|1|2,687,137,0.00097,True,27.22063,22.70742,-4.25502,0.37266,-4.26337,-4.81662
2024,CH,CH|43|1|3,2563,230,0.00363,True,27.21665,22.12251,-0.30507,0.30127,-0.31342,-5.40153
2024,CH,CH|43|1|4,1668,199,0.00236,True,29.9639,23.26139,0.78669,0.28257,0.77834,-4.26265
2024,CH,CH|43|2|3,1494,183,0.00211,True,28.88244,22.7577,-0.11392,0.31832,-0.12227,-4.76635
2024,CH,CH|43|2|4,658,135,0.00093,True,30.0,23.40426,-0.27918,0.29883,-0.28753,-4.11979
2024,CH,CH|44|-1|3,545,77,0.00077,False,35.84229,25.3211,1.26532,0.24726,1.25697,-2.20294
2024,CH,CH|44|0|3,1637,175,0.00232,True,29.77726,22.41906,0.55394,0.26019,0.54559,-5.10498
2024,CH,CH|44|0|4,1352,143,0.00191,True,32.02797,24.40828,-0.35607,0.28677,-0.36441,-3.11576
2024,CH,CH|44|1|3,1930,206,0.00273,True,28.13425,22.84974,-0.39756,0.29511,-0.40591,-4.6743
2024,CH,CH|44|1|4,1568,165,0.00222,True,30.09198,21.6199,1.00166,0.27384,0.99331,-5.90415
2024,CH,CH|44|2|3,1062,148,0.0015,True,26.80412,23.54049,-0.67439,0.28459,-0.68274,-3.98355
2024,CH,CH|44|2|4,556,110,0.00079,True,25.46816,22.84173,-1.03705,0.33695,-1.0454,-4.68232
2024,CH,CH|45|0|3,565,93,0.0008,True,28.96552,22.65487,0.11186,0.24795,0.10351,-4.86918
2024,CH,CH|45|0|4,507,72,0.00072,True,33.33333,22.48521,-1.49408,0.24681,-1.50243,-5.03884
2024,CH,CH|45|1|3,644,114,0.00091,True,21.08626,21.11801,-1.05947,0.27203,-1.06782,-6.40603
2024,CH,CH|45|1|4,768,94,0.00109,True,29.02375,23.69792,0.59479,0.27589,0.58644,-3.82613
2024,CU,CU|37|-4|-3,593,80,0.00084,False,25.87065,37.77403,-0.70169,0.26349,-0.71003,10.24999
2024,CU,CU|38|-2|-2,512,61,0.00072,False,19.62617,31.64062,-0.89062,0.33245,-0.89897,4.11658
2024,CU,CU|38|-3|-2,691,82,0.00098,False,25.0,31.54848,-1.02446,0.36901,-1.0328,4.02444
2024,CU,CU|38|-3|-3,869,116,0.00123,True,25.15337,30.84005,-0.58251,0.31292,-0.59086,3.316
2024,CU,CU|38|-3|-4,562,91,0.0008,True,35.74879,29.53737,-0.29466,0.24806,-0.30301,2.01332
2024,CU,CU|38|-4|-2,582,94,0.00082,False,23.69668,31.09966,-0.97818,0.36805,-0.98653,3.57561
2024,CU,CU|38|-4|-3,1007,116,0.00142,True,23.4375,31.97617,-0.96743,0.31679,-0.97578,4.45212
2024,CU,CU|39|-2|-1,504,53,0.00071,False,23.95833,28.96825,0.0244,0.28489,0.01606,1.44421
2024,CU,CU|39|-2|-2,736,91,0.00104,True,27.16418,27.85326,1.32079,0.28213,1.31244,0.32922
2024,CU,CU|39|-2|-3,673,94,0.00095,False,25.16129,30.90639,0.58158,0.26731,0.57323,3.38235
2024,CU,CU|39|-3|-2,925,117,0.00131,True,30.12658,29.62162,-1.84022,0.32317,-1.84856,2.09758
2024,CU,CU|39|-3|-3,1164,133,0.00165,True,26.81452,30.6701,-0.77027,0.31468,-0.77862,3.14606
2024,CU,CU|39|-3|-4,987,102,0.0014,True,33.33333,34.04255,1.24012,0.27454,1.23177,6.51851
2024,CU,CU|39|-4|-2,764,107,0.00108,True,23.6246,26.70157,0.16767,0.22203,0.15932,-0.82247
2024,CU,CU|39|-4|-3,1405,130,0.00199,True,26.51646,30.88968,-0.65872,0.31422,-0.66707,3.36564
2024,CU,CU|39|-4|-4,757,75,0.00107,True,28.06452,33.2893,-0.04703,0.298,-0.05538,5.76526
2024,CU,CU|40|-2|-1,699,80,0.00099,True,31.48148,30.18598,0.26495,0.28781,0.2566,2.66194
2024,CU,CU|40|-2|-2,532,98,0.00075,True,20.61404,30.82707,-0.21598,0.3494,-0.22432,3.30302
2024,CU,CU|40|-2|-3,636,84,0.0009,True,30.59701,31.91824,-1.07217,0.2637,-1.08052,4.3942
2024,CU,CU|40|-2|-4,609,63,0.00086,True,25.73529,30.04926,-1.0665,0.29517,-1.07485,2.52522
2024,CU,CU|40|-3|-1,554,82,0.00078,True,28.76106,29.24188,-0.58249,0.27431,-0.59084,1.71783
2024,CU,CU|40|-3|-2,847,132,0.0012,True,27.52044,29.87013,1.30602,0.23284,1.29767,2.34609
2024,CU,CU|40|-3|-3,1075,134,0.00152,True,28.47534,28.46512,0.02177,0.27492,0.01342,0.94107
2024,CU,CU|40|-3|-4,883,83,0.00125,True,32.34568,30.91733,-0.27475,0.26732,-0.28309,3.39328
2024,CU,CU|40|-4|-2,883,121,0.00125,True,28.27763,28.87882,-0.04134,0.27426,-0.04968,1.35478
2024,CU,CU|40|-4|-3,1254,114,0.00177,True,29.40075,28.54864,0.01204,0.27555,0.00369,1.0246
2024,CU,CU|40|-4|-4,700,73,0.00099,True,30.44776,30.28571,0.68871,0.24393,0.68037,2.76167
2024,CU,CU|41|-3|-2,635,94,0.0009,True,31.95489,28.18898,-1.64016,0.2826,-1.6485,0.66493
2024,CU,CU|41|-3|-3,615,94,0.00087,True,37.59398,28.13008,-0.01154,0.25249,-0.01989,0.60604
2024,CU,CU|41|-3|-4,507,48,0.00072,False,36.88525,30.37475,0.43886,0.25031,0.43051,2.85071
2024,CU,CU|41|-4|-2,552,89,0.00078,True,30.57851,26.81159,-2.14964,0.29694,-2.15799,-0.71245
2024,CU,CU|41|-4|-3,664,85,0.00094,True,32.90323,30.42169,0.81687,0.22676,0.80852,2.89764
2024,FC,FC|42|1|-1,776,94,0.0011,True,21.63743,29.25258,-2.30902,0.41905,-2.31737,1.72853
2024,FC,FC|42|1|-2,750,74,0.00106,True,20.17544,30.93333,0.59213,0.34178,0.58379,3.40929
2024,FC,FC|43|0|-1,652,98,0.00092,True,20.0627,26.68712,0.98988,0.32229,0.98153,-0.83693
2024,FC,FC|43|0|-2,843,97,0.00119,True,25.90909,29.18149,-0.57082,0.35128,-0.57917,1.65745
2024,FC,FC|43|1|-1,2304,167,0.00326,True,20.19928,26.95312,-1.23351,0.36071,-1.24185,-0.57092
2024,FC,FC|43|1|-2,2100,147,0.00297,True,21.93928,28.52381,0.76943,0.34226,0.76108,0.99977
2024,FC,FC|43|1|0,580,87,0.00082,True,16.01423,22.93103,0.125,0.33211,0.11665,-4.59301
2024,FC,FC|43|2|-1,1532,135,0.00217,True,17.6066,27.08877,-0.59615,0.37424,-0.6045,-0.43527
2024,FC,FC|43|2|-2,887,88,0.00126,True,22.12581,29.76325,0.95705,0.34652,0.9487,2.2392
2024,FC,FC|43|2|0,577,86,0.00082,False,19.63636,26.86308,0.926,0.37108,0.91765,-0.66096
2024,FC,FC|44|0|-1,619,103,0.00088,True,20.90032,25.52504,-0.19612,0.36087,-0.20447,-1.999
2024,FC,FC|44|0|-2,785,100,0.00111,True,26.54639,26.24204,0.05949,0.32703,0.05114,-1.282
2024,FC,FC|44|1|-1,3153,203,0.00446,True,19.78466,26.8633,-0.44504,0.35494,-0.45338,-0.66074
2024,FC,FC|44|1|-2,2190,156,0.0031,True,23.38028,27.94521,-0.90576,0.34843,-0.9141,0.42116
2024,FC,FC|44|1|0,850,121,0.0012,True,18.02469,23.41176,-0.20847,0.36665,-0.21682,-4.11228
2024,FC,FC|44|2|-1,2990,188,0.00423,True,21.13156,26.28763,0.45054,0.34485,0.44219,-1.23642
2024,FC,FC|44|2|-2,1348,127,0.00191,True,21.23769,24.62908,-0.22582,0.38654,-0.23416,-2.89496
2024,FC,FC|44|2|0,1224,135,0.00173,True,18.28859,27.36928,-0.1009,0.38508,-0.10925,-0.15476
2024,FC,FC|44|3|-1,631,87,0.00089,True,15.96091,25.35658,-0.14279,0.31958,-0.15114,-2.16747
2024,FC,FC|44|3|0,597,70,0.00084,True,14.50382,26.63317,-0.63065,0.34659,-0.639,-0.89088
2024,FC,FC|45|1|-1,2718,165,0.00385,True,21.38134,26.71082,0.46015,0.33035,0.45181,-0.81323
2024,FC,FC|45|1|-2,1447,126,0.00205,True,27.7628,27.78162,1.68051,0.28845,1.67216,0.25757
2024,FC,FC|45|1|0,764,115,0.00108,True,19.13265,23.29843,-2.02906,0.40489,-2.03741,-4.22561
2024,FC,FC|45|2|-1,2972,186,0.00421,True,21.81208,25.84118,0.01995,0.33266,0.01161,-1.68286
2024,FC,FC|45|2|-2,917,105,0.0013,True,24.9467,27.04471,0.15093,0.34575,0.14258,-0.47933
2024,FC,FC|45|2|0,1307,145,0.00185,True,17.18266,24.86611,-0.71469,0.38514,-0.72304,-2.65794
2024,FC,FC|45|3|-1,687,99,0.00097,True,17.91444,23.87191,1.66798,0.30233,1.65963,-3.65214
2024,FC,FC|46|1|-1,992,91,0.0014,True,21.63743,26.71371,0.27843,0.31719,0.27008,-0.81033
2024,FC,FC|46|2|-1,1667,112,0.00236,True,22.39156,26.93461,-0.35681,0.33903,-0.36516,-0.58943
2024,FC,FC|46|2|0,748,104,0.00106,False,14.43299,22.19251,0.1643,0.33056,0.15596,-5.33153
2024,FC,FC|46|3|-1,612,72,0.00087,False,23.1746,25.98039,-0.51895,0.36173,-0.5273,-1.54365
2024,FC,FC|47|2|-1,514,46,0.00073,True,14.12214,21.01167,-0.71109,0.33171,-0.71944,-6.51237
2024,FF,FF|44|3|1,789,108,0.00112,True,10.43771,27.62991,-3.56984,0.48995,-3.57818,0.10587
2024,FF,FF|44|3|2,822,118,0.00116,True,14.49275,28.46715,-0.41399,0.4148,-0.42234,0.94311
2024,FF,FF|44|4|0,616,65,0.00087,False,15.41502,27.11039,-0.5987,0.38885,-0.60705,-0.41365
2024,FF,FF|44|4|1,1063,109,0.0015,True,12.47216,26.90499,-1.1572,0.42238,-1.16554,-0.61906
2024,FF,FF|44|4|2,801,100,0.00113,True,15.40881,31.58552,-1.01685,0.40078,-1.0252,4.06148
2024,FF,FF|45|2|0,639,80,0.0009,False,15.91696,25.35211,-0.77418,0.39071,-0.78253,-2.17193
2024,FF,FF|45|2|1,593,109,0.00084,False,18.12081,24.28331,-0.46442,0.32535,-0.47277,-3.24074
2024,FF,FF|45|2|2,510,117,0.00072,True,13.73391,24.70588,0.32667,0.35993,0.31832,-2.81816
2024,FF,FF|45|2|3,739,74,0.00105,False,14.65517,26.52233,-2.67713,0.40683,-2.68548,-1.00172
2024,FF,FF|45|3|0,1526,156,0.00216,True,16.28959,25.88467,-0.85419,0.38053,-0.86254,-1.63938
2024,FF,FF|45|3|1,3248,273,0.0046,True,13.30986,25.89286,-0.93461,0.38889,-0.94295,-1.63119
2024,FF,FF|45|3|2,3437,272,0.00486,True,12.64516,23.68344,-1.27122,0.38984,-1.27957,-3.8406
2024,FF,FF|45|3|3,1647,149,0.00233,True,17.16907,28.051,-0.12532,0.35123,-0.13367,0.52696
2024,FF,FF|45|4|0,2508,166,0.00355,True,14.44637,23.00638,-0.74944,0.38448,-0.75779,-4.51766
2024,FF,FF|45|4|1,4921,272,0.00696,True,13.87604,26.72221,-0.9344,0.39682,-0.94275,-0.80183
2024,FF,FF|45|4|2,3618,249,0.00512,True,16.39833,28.33057,-0.22134,0.3753,-0.22969,0.80653
2024,FF,FF|45|4|3,668,100,0.00095,True,17.92453,31.58683,1.13907,0.32925,1.13072,4.06278
2024,FF,FF|45|5|0,532,56,0.00075,False,15.81028,25.0,-0.53571,0.39717,-0.54406,-2.52404
2024,FF,FF|45|5|1,724,89,0.00102,True,22.56098,28.03867,1.77707,0.33671,1.76872,0.51463
2024,FF,FF|46|2|-1,671,48,0.00095,False,17.43119,24.88823,1.06125,0.30285,1.0529,-2.63582
2024,FF,FF|46|2|0,1035,116,0.00146,True,18.78788,26.37681,0.17092,0.34606,0.16257,-1.14723
2024,FF,FF|46|2|1,1038,175,0.00147,True,15.32091,22.73603,-1.36204,0.36333,-1.37039,-4.78801
2024,FF,FF|46|2|2,1156,199,0.00164,True,15.42751,22.66436,-1.16609,0.3893,-1.17444,-4.85968
2024,FF,FF|46|2|3,1721,114,0.00244,True,18.8862,26.2638,-0.65793,0.36232,-0.66628,-1.26024
2024,FF,FF|46|2|4,658,36,0.00093,False,17.77003,29.78723,-0.18313,0.28398,-0.19148,2.26319
2024,FF,FF|46|3|-1,723,79,0.00102,False,17.74194,23.78976,-0.07994,0.33236,-0.08829,-3.73428
2024,FF,FF|46|3|0,3115,259,0.00441,True,17.48299,24.87961,-0.62681,0.353,-0.63515,-2.64443
2024,FF,FF|46|3|1,7028,422,0.00994,True,14.74711,24.81503,-0.59698,0.36976,-0.60533,-2.70902
2024,FF,FF|46|3|2,8414,433,0.01191,True,15.94676,25.30307,-0.13065,0.34927,-0.139,-2.22098
2024,FF,FF|46|3|3,4093,235,0.00579,True,17.97753,27.36379,-0.09111,0.3586,-0.09945,-0.16025
2024,FF,FF|46|3|4,558,53,0.00079,False,18.57143,26.16487,-0.98333,0.39533,-0.99168,-1.35917
2024,FF,FF|46|4|0,4169,263,0.0059,True,18.44323,25.90549,-0.11307,0.35294,-0.12142,-1.61855
2024,FF,FF|46|4|1,10980,414,0.01554,True,17.10095,25.78324,-0.382,0.37411,-0.39035,-1.7408
2024,FF,FF|46|4|2,9320,394,0.01319,True,16.98538,27.9721,-0.03453,0.37136,-0.04288,0.44806
2024,FF,FF|46|4|3,1901,171,0.00269,True,20.66667,30.66807,1.28822,0.34189,1.27987,3.14403
2024,FF,FF|46|5|0,702,84,0.00099,True,20.63953,28.63248,0.44744,0.29863,0.43909,1.10844
2024,FF,FF|46|5|1,1768,146,0.0025,True,21.45329,29.63801,1.24548,0.30011,1.23713,2.11397
2024,FF,FF|46|5|2,863,107,0.00122,True,28.42105,35.57358,-0.7175,0.35891,-0.72584,8.04954
2024,FF,FF|47|2|0,816,97,0.00115,True,18.66667,24.14216,-0.19412,0.32875,-0.20247,-3.38189
2024,FF,FF|47|2|1,997,178,0.00141,True,16.39676,24.27282,-0.3999,0.32377,-0.40825,-3.25122
2024,FF,FF|47|2|2,1381,197,0.00195,True,16.71598,23.31644,-0.76553,0.31161,-0.77388,-4.20761
2024,FF,FF|47|2|3,1835,139,0.0026,True,15.23179,22.56131,-0.09924,0.34684,-0.10758,-4.96274
2024,FF,FF|47|2|4,580,38,0.00082,False,18.32061,25.51724,0.37621,0.31854,0.36786,-2.0068
2024,FF,FF|47|3|-1,621,70,0.00088,True,19.86971,24.79871,0.14444,0.315,0.1361,-2.72533
2024,FF,FF|47|3|0,2996,243,0.00424,True,17.57945,24.03204,-0.01946,0.32232,-0.02781,-3.492
2024,FF,FF|47|3|1,8835,444,0.0125,True,15.95769,23.7691,-0.77143,0.37232,-0.77978,-3.75494
2024,FF,FF|47|3|2,11136,446,0.01576,True,16.41146,24.8204,-0.33458,0.35337,-0.34293,-2.70364
2024,FF,FF|47|3|3,4435,271,0.00628,True,18.40796,26.78692,0.32767,0.31495,0.31932,-0.73712
2024,FF,FF|47|4|0,4722,261,0.00668,True,20.52496,25.24354,0.08062,0.3327,0.07228,-2.2805
2024,FF,FF|47|4|1,14060,437,0.01989,True,21.11503,27.84495,0.40327,0.33616,0.39492,0.32091
2024,FF,FF|47|4|2,11128,414,0.01575,True,21.08916,28.23508,0.36999,0.3353,0.36165,0.71104
2024,FF,FF|47|4|3,2061,208,0.00292,True,23.67906,31.34401,0.9769,0.29547,0.96856,3.81996
2024,FF,FF|47|5|0,533,92,0.00075,True,25.26316,30.95685,1.18255,0.2915,1.1742,3.4328
2024,FF,FF|47|5|1,1452,171,0.00205,True,26.95418,31.95592,2.1084,0.23984,2.10005,4.43188
2024,FF,FF|47|5|2,839,139,0.00119,True,26.20192,31.10846,1.96269,0.25815,1.95435,3.58442
2024,FF,FF|48|2|2,748,129,0.00106,True,16.16162,22.19251,-1.60267,0.35927,-1.61102,-5.33153
2024,FF,FF|48|2|3,982,94,0.00139,True,15.22634,26.47658,1.03839,0.27609,1.03004,-1.04746
2024,FF,FF|48|3|0,1492,157,0.00211,True,20.69858,24.53083,1.05275,0.27989,1.0444,-2.99321
2024,FF,FF|48|3|1,5051,296,0.00715,True,17.12018,23.83686,0.40562,0.313,0.39728,-3.68718
2024,FF,FF|48|3|2,7034,315,0.00995,True,19.54908,25.40517,0.08965,0.32467,0.0813,-2.11887
2024,FF,FF|48|3|3,2434,177,0.00344,True,18.27614,24.3221,0.30945,0.29619,0.3011,-3.20194
2024,FF,FF|48|4|0,3210,167,0.00454,True,22.58641,25.919,1.00972,0.27573,1.00137,-1.60504
2024,FF,FF|48|4|1,9509,290,0.01345,True,23.90225,27.58439,0.77401,0.30006,0.76567,0.06035
2024,FF,FF|48|4|2,7361,296,0.01042,True,22.72491,27.71363,0.34802,0.32136,0.33968,0.18958
2024,FF,FF|48|4|3,1267,140,0.00179,True,23.6417,29.51855,1.415,0.25344,1.40665,1.9945
2024,FF,FF|48|5|1,825,104,0.00117,True,28.95377,32.84848,1.61527,0.27081,1.60693,5.32444
2024,FF,FF|49|3|1,1134,125,0.0016,True,18.52487,22.22222,-0.40397,0.29557,-0.41232,-5.30182
2024,FF,FF|49|3|2,1742,151,0.00246,True,23.20261,26.57865,-0.07876,0.30321,-0.08711,-0.9454
2024,FF,FF|49|3|3,683,75,0.00097,True,26.06232,29.42899,0.43324,0.28094,0.42489,1.90495
2024,FF,FF|49|4|0,686,62,0.00097,True,26.25995,28.86297,1.26603,0.28279,1.25769,1.33893
2024,FF,FF|49|4|1,2557,124,0.00362,True,22.6732,24.32538,0.88702,0.27269,0.87867,-3.19866
2024,FF,FF|49|4|2,2400,127,0.0034,True,25.42373,29.16667,0.79471,0.29165,0.78636,1.64262
2024,FS,FS|42|0|2,732,62,0.00104,True,33.84224,24.72678,-0.93019,0.27804,-0.93854,-2.79727
2024,FS,FS|43|0|2,669,63,0.00095,False,30.33033,20.32885,-0.07534,0.26355,-0.08368,-7.19519
2024,FS,FS|43|0|3,697,60,0.00099,True,33.42318,25.25108,0.68379,0.2493,0.67544,-2.27297
2024,FS,FS|43|1|3,531,59,0.00075,False,26.81159,20.33898,-0.10847,0.27555,-0.11682,-7.18506
2024,FS,FS|44|-1|3,541,20,0.00077,False,29.26829,24.76895,1.59372,0.24421,1.58537,-2.7551
2024,FS,FS|44|0|3,603,39,0.00085,True,30.03096,22.05638,-0.08905,0.29548,-0.0974,-5.46766
2024,SI,SI|44|0|3,521,65,0.00074,False,10.52632,26.48752,-0.19559,0.40849,-0.20393,-1.03652
2024,SI,SI|44|0|4,647,62,0.00092,False,10.41667,29.05719,0.13385,0.35227,0.1255,1.53314
2024,SI,SI|44|1|3,1203,109,0.0017,True,10.0,29.17706,0.20665,0.36515,0.1983,1.65301
2024,SI,SI|44|1|4,817,88,0.00116,True,12.43094,31.82375,0.48727,0.37335,0.47892,4.2997
2024,SI,SI|44|2|3,1079,108,0.00153,True,7.61719,26.50602,-0.62706,0.39958,-0.63541,-1.01802
2024,SI,SI|44|2|4,677,77,0.00096,False,9.61538,26.58789,-2.674,0.41959,-2.68235,-0.93616
2024,SI,SI|45|-1|4,522,43,0.00074,False,13.12217,35.63218,1.49234,0.31071,1.48399,8.10814
2024,SI,SI|45|0|3,1210,122,0.00171,True,10.03788,28.67769,0.14165,0.35479,0.13331,1.15364
2024,SI,SI|45|0|4,1382,125,0.00196,True,13.96469,31.98263,0.88517,0.33047,0.87682,4.45859
2024,SI,SI|45|1|2,717,101,0.00101,False,9.1195,25.94142,-1.97057,0.41279,-1.97892,-1.58262
2024,SI,SI|45|1|3,2891,189,0.00409,True,9.15493,29.15946,-0.01702,0.3829,-0.02537,1.63542
2024,SI,SI|45|1|4,2371,170,0.00335,True,9.64912,28.00506,-0.94049,0.38489,-0.94884,0.48102
2024,SI,SI|45|2|2,851,121,0.0012,False,12.40106,28.55464,-1.71692,0.41966,-1.72527,1.0306
2024,SI,SI|45|2|3,4162,209,0.00589,True,9.69139,27.89524,-0.74556,0.38421,-0.7539,0.3712
2024,SI,SI|45|2|4,2292,159,0.00324,True,10.43643,28.62129,-0.84075,0.38339,-0.8491,1.09725
2024,SI,SI|45|3|2,550,83,0.00078,False,10.04184,28.90909,0.51036,0.358,0.50202,1.38505
2024,SI,SI|45|3|3,2017,128,0.00285,True,9.08084,28.60684,-0.65077,0.389,-0.65912,1.0828
2024,SI,SI|46|-1|4,591,47,0.00084,True,15.49815,29.94924,2.02098,0.27587,2.01263,2.4252
2024,SI,SI|46|0|3,2021,138,0.00286,True,10.72235,29.83671,0.21489,0.34542,0.20655,2.31267
2024,SI,SI|46|0|4,2162,144,0.00306,True,11.32686,30.11101,0.87257,0.36646,0.86422,2.58697
2024,SI,SI|46|1|2,773,128,0.00109,True,10.37234,24.83829,-1.01125,0.37748,-1.0196,-2.68575
2024,SI,SI|46|1|3,4173,266,0.0059,True,9.68421,26.40786,0.28392,0.3479,0.27557,-1.11618
2024,SI,SI|46|1|4,4533,242,0.00641,True,11.93738,29.45069,0.36439,0.35883,0.35605,1.92665
2024,SI,SI|46|2|2,1173,159,0.00166,True,10.9405,24.21142,-0.77084,0.37123,-0.77919,-3.31262
2024,SI,SI|46|2|3,5349,288,0.00757,True,9.6517,27.07048,-0.53842,0.37802,-0.54677,-0.45356
2024,SI,SI|46|2|4,3798,248,0.00537,True,11.01993,27.85677,0.2658,0.34841,0.25745,0.33272
2024,SI,SI|46|3|2,721,108,0.00102,True,14.02985,25.10402,-0.78988,0.38943,-0.79822,-2.42002
2024,SI,SI|46|3|3,2655,196,0.00376,True,12.22031,27.2693,-0.52855,0.37345,-0.5369,-0.25474
2024,SI,SI|46|3|4,654,125,0.00093,True,11.53846,27.67584,-0.27309,0.3761,-0.28144,0.1518
2024,SI,SI|47|0|3,1680,109,0.00238,True,9.77444,26.0119,0.14673,0.35791,0.13838,-1.51214
2024,SI,SI|47|0|4,2241,113,0.00317,True,11.48515,27.93396,-0.19036,0.35637,-0.19871,0.40992
2024,SI,SI|47|1|3,3344,237,0.00473,True,10.79724,25.59809,0.2625,0.34371,0.25415,-1.92596
2024,SI,SI|47|1|4,4813,223,0.00681,True,10.91582,27.77893,0.40765,0.35008,0.3993,0.25489
2024,SI,SI|47|2|2,671,112,0.00095,True,9.39597,22.35469,-0.89016,0.35209,-0.89851,-5.16935
2024,SI,SI|47|2|3,4301,267,0.00609,True,10.65614,25.7847,0.11002,0.34189,0.10167,-1.73934
2024,SI,SI|47|2|4,3757,225,0.00532,True,12.53644,27.8946,0.40109,0.34772,0.39274,0.37055
2024,SI,SI|47|3|2,696,105,0.00098,True,13.90533,28.87931,-0.60503,0.35866,-0.61338,1.35527
2024,SI,SI|47|3|3,2366,192,0.00335,True,11.71806,27.51479,-0.47794,0.35401,-0.48628,-0.00925
2024,SI,SI|47|3|4,691,134,0.00098,True,9.36556,25.61505,-0.47062,0.33304,-0.47897,-1.90899
2024,SI,SI|48|0|3,859,56,0.00122,False,14.45498,25.844,-1.33655,0.35159,-1.3449,-1.68004
2024,SI,SI|48|0|4,1144,65,0.00162,True,15.33981,26.74825,0.58462,0.30811,0.57627,-0.77579
2024,SI,SI|48|1|3,1504,115,0.00213,True,11.48936,25.13298,0.22886,0.3315,0.22051,-2.39106
2024,SI,SI|48|1|4,2299,127,0.00325,True,13.52657,26.31579,-0.15411,0.33224,-0.16246,-1.20825
2024,SI,SI|48|2|3,2030,164,0.00287,True,10.58252,23.30049,-0.08778,0.33944,-0.09613,-4.22355
2024,SI,SI|48|2|4,1918,144,0.00271,True,9.82906,25.33889,0.39317,0.31748,0.38482,-2.18515
2024,SI,SI|48|3|3,1639,112,0.00232,True,14.71292,26.47956,1.11812,0.30807,1.10977,-1.04448
2024,SI,SI|49|1|4,542,45,0.00077,True,15.15152,26.93727,0.4214,0.31486,0.41305,-0.58677
2024,SLV,SLV|39|-1|-4,937,140,0.00133,True,21.85273,27.85486,-0.36222,0.30551,-0.37057,0.33081
2024,SLV,SLV|39|-1|-5,700,125,0.00099,True,24.31507,29.0,-1.469,0.30841,-1.47735,1.47596
2024,SLV,SLV|39|0|-3,621,110,0.00088,True,24.65753,30.11272,1.01063,0.23175,1.00228,2.58868
2024,SLV,SLV|39|0|-4,1227,144,0.00174,True,25.70356,31.21434,-0.68965,0.32174,-0.698,3.6903
2024,SLV,SLV|39|0|-5,805,121,0.00114,True,26.08696,31.0559,-0.94807,0.30793,-0.95642,3.53186
2024,SLV,SLV|39|1|-3,522,70,0.00074,False,36.51452,37.54789,-0.05096,0.27489,-0.05931,10.02385
2024,SLV,SLV|39|1|-4,668,83,0.00095,False,23.98649,31.28743,0.25659,0.27386,0.24824,3.76338
2024,SLV,SLV|40|-1|-1,650,80,0.00092,True,34.49367,30.61538,-0.91723,0.33634,-0.92558,3.09134
2024,SLV,SLV|40|-1|-2,906,152,0.00128,True,27.0,28.91832,-0.74084,0.31352,-0.74919,1.39428
2024,SLV,SLV|40|-1|-3,1070,212,0.00151,True,26.93111,27.38318,-0.80009,0.26286,-0.80844,-0.14087
2024,SLV,SLV|40|-1|-4,1846,204,0.00261,True,28.23674,29.19827,-1.0149,0.32007,-1.02324,1.67422
2024,SLV,SLV|40|-1|-5,1310,170,0.00185,True,27.95699,27.63359,-1.04908,0.29569,-1.05743,0.10954
2024,SLV,SLV|40|-2|-4,749,137,0.00106,True,29.0625,27.36983,-0.46662,0.29993,-0.47497,-0.15422
2024,SLV,SLV|40|0|-1,643,79,0.00091,True,31.25,31.1042,-1.36734,0.38841,-1.37569,3.58016
2024,SLV,SLV|40|0|-2,745,152,0.00105,True,23.09942,28.18792,-0.34054,0.32242,-0.34888,0.66388
2024,SLV,SLV|40|0|-3,1387,213,0.00196,True,29.44882,31.43475,-0.22012,0.27514,-0.22846,3.91071
2024,SLV,SLV|40|0|-4,2204,219,0.00312,True,30.1217,31.57895,0.81071,0.23546,0.80236,4.0549
2024,SLV,SLV|40|0|-5,1357,173,0.00192,True,30.35714,31.54016,1.27222,0.24143,1.26387,4.01612
2024,SLV,SLV|40|1|-3,873,149,0.00124,True,31.64251,32.64605,-0.12463,0.27401,-0.13298,5.12201
2024,SLV,SLV|40|1|-4,943,147,0.00133,True,28.17552,31.81336,-0.03097,0.29158,-0.03931,4.28932
2024,SLV,SLV|41|-1|-1,1747,177,0.00247,True,31.18932,30.10876,-0.06749,0.30429,-0.07583,2.58471
2024,SLV,SLV|41|-1|-2,1915,260,0.00271,True,27.73393,27.46736,-1.44282,0.33973,-1.45117,-0.05668
2024,SLV,SLV|41|-1|-3,1504,259,0.00213,True,29.42008,29.58777,-1.86483,0.31918,-1.87317,2.06372
2024,SLV,SLV|41|-1|-4,2118,224,0.003,True,28.96622,30.02833,0.1933,0.25994,0.18495,2.50429
2024,SLV,SLV|41|-1|-5,1577,161,0.00223,True,27.85326,29.35954,0.18491,0.27468,0.17656,1.8355
2024,SLV,SLV|41|-2|-1,573,93,0.00081,False,36.22047,35.42757,1.08988,0.23134,1.08153,7.90353
2024,SLV,SLV|41|-2|-2,729,133,0.00103,True,31.75074,29.90398,0.61111,0.25623,0.60276,2.37993
2024,SLV,SLV|41|-2|-3,598,137,0.00085,True,30.29197,29.09699,0.23846,0.28135,0.23011,1.57295
2024,SLV,SLV|41|-2|-4,897,123,0.00127,True,31.21827,29.09699,0.52018,0.24016,0.51183,1.57295
2024,SLV,SLV|41|-2|-5,581,91,0.00082,False,31.92308,29.77625,-0.25095,0.2695,-0.25929,2.2522
2024,SLV,SLV|41|0|-1,2011,206,0.00285,True,32.82051,31.57633,0.346,0.2772,0.33765,4.05229
2024,SLV,SLV|41|0|-2,1949,277,0.00276,True,26.34989,29.14315,0.04572,0.30346,0.03737,1.61911
2024,SLV,SLV|41|0|-3,1985,283,0.00281,True,28.77307,29.37028,-0.5795,0.27795,-0.58784,1.84623
2024,SLV,SLV|41|0|-4,2416,229,0.00342,True,31.04072,30.58775,0.19375,0.26111,0.1854,3.06371
2024,SLV,SLV|41|0|-5,1382,158,0.00196,True,32.52648,32.05499,1.02301,0.24298,1.01466,4.53095
2024,SLV,SLV|41|1|-1,728,134,0.00103,True,31.47059,32.96703,-1.55577,0.28439,-1.56412,5.44299
2024,SLV,SLV|41|1|-2,975,195,0.00138,True,28.22222,31.48718,0.35395,0.27711,0.3456,3.96314
2024,SLV,SLV|41|1|-3,1291,199,0.00183,True,26.88,28.89233,0.10163,0.26046,0.09328,1.36829
2024,SLV,SLV|41|1|-4,1235,160,0.00175,True,30.58824,30.68826,-0.20121,0.26702,-0.20956,3.16422
2024,SLV,SLV|41|1|-5,501,95,0.00071,False,28.44037,28.94212,0.29661,0.26427,0.28826,1.41807
2024,SLV,SLV|42|-1|-1,2649,247,0.00375,True,32.43034,30.31333,-0.24655,0.29229,-0.25489,2.78928
2024,SLV,SLV|42|-1|-2,2955,313,0.00418,True,30.18868,29.64467,0.06247,0.29187,0.05412,2.12063
2024,SLV,SLV|42|-1|-3,1412,221,0.002,True,29.45736,27.54958,-0.7995,0.283,-0.80785,0.02553
2024,SLV,SLV|42|-1|-4,1327,147,0.00188,True,33.5443,28.86209,0.68448,0.25195,0.67613,1.33805
2024,SLV,SLV|42|-1|-5,752,80,0.00106,True,37.10526,32.31383,0.5734,0.25313,0.56506,4.78979
2024,SLV,SLV|42|-2|-1,747,116,0.00106,True,35.88391,31.72691,1.26118,0.23978,1.25283,4.20286
2024,SLV,SLV|42|-2|-2,939,148,0.00133,True,30.39832,31.09691,0.82897,0.24305,0.82062,3.57287
2024,SLV,SLV|42|-2|-3,535,109,0.00076,True,38.73518,34.76636,1.75907,0.24958,1.75072,7.24231
2024,SLV,SLV|42|-2|-4,581,81,0.00082,False,35.91549,26.67814,-0.29673,0.23477,-0.30508,-0.8459
2024,SLV,SLV|42|0|-1,4055,329,0.00574,True,31.28492,31.36868,-0.04335,0.30819,-0.0517,3.84464
2024,SLV,SLV|42|0|-2,3659,382,0.00518,True,29.13907,30.44548,-0.45791,0.31832,-0.46626,2.92143
2024,SLV,SLV|42|0|-3,1931,252,0.00273,True,28.74449,28.2755,-0.04552,0.27388,-0.05387,0.75146
2024,SLV,SLV|42|0|-4,1504,170,0.00213,True,32.37311,28.32447,0.69089,0.24353,0.68254,0.80043
2024,SLV,SLV|42|0|-5,718,95,0.00102,True,32.96089,30.50139,2.66825,0.17433,2.6599,2.97735
2024,SLV,SLV|42|0|0,668,111,0.00095,True,38.02395,31.28743,1.10793,0.27578,1.09959,3.76338
2024,SLV,SLV|42|1|-1,1936,239,0.00274,True,32.91667,31.61157,1.07004,0.27224,1.06169,4.08753
2024,SLV,SLV|42|1|-2,1980,256,0.0028,True,30.35176,30.40404,0.53152,0.27957,0.52317,2.88
2024,SLV,SLV|42|1|-3,1251,177,0.00177,True,29.56811,29.09672,0.79249,0.22142,0.78414,1.57268
2024,SLV,SLV|42|1|-4,872,108,0.00123,True,31.59145,29.93119,1.0781,0.22076,1.06975,2.40715
2024,SLV,SLV|42|2|-2,559,105,0.00079,False,25.61404,27.72809,0.7025,0.25337,0.69416,0.20404
2024,SLV,SLV|43|-1|-1,2592,217,0.00367,True,33.43044,29.59105,0.3375,0.24354,0.32915,2.06701
2024,SLV,SLV|43|-1|-2,3282,256,0.00464,True,33.07647,31.96222,0.38187,0.28356,0.37352,4.43818
2024,SLV,SLV|43|-1|-3,1085,135,0.00154,True,36.22642,31.52074,0.15438,0.26471,0.14603,3.99669
2024,SLV,SLV|43|-2|-1,747,97,0.00106,True,37.4677,34.13655,1.25261,0.22295,1.24426,6.6125
2024,SLV,SLV|43|-2|-2,825,112,0.00117,True,37.4677,30.42424,0.1783,0.24653,0.16996,2.9002
2024,SLV,SLV|43|0|-1,5836,331,0.00826,True,31.63511,29.90062,-0.03225,0.29692,-0.0406,2.37657
2024,SLV,SLV|43|0|-2,4638,343,0.00656,True,29.89339,29.40923,0.60384,0.27992,0.59549,1.88519
2024,SLV,SLV|43|0|-3,1241,182,0.00176,True,33.05369,30.45931,0.18606,0.27804,0.17771,2.93526
2024,SLV,SLV|43|0|0,863,130,0.00122,True,36.00973,31.28621,-0.34716,0.32457,-0.35551,3.76217
2024,SLV,SLV|43|1|-1,3276,285,0.00464,True,30.68253,29.94505,0.15836,0.30212,0.15002,2.42101
2024,SLV,SLV|43|1|-2,2424,268,0.00343,True,28.58306,28.58911,0.70924,0.29432,0.70089,1.06507
2024,SLV,SLV|43|1|-3,651,125,0.00092,False,38.38384,31.95084,1.48034,0.21451,1.47199,4.4268
2024,SLV,SLV|43|1|0,786,142,0.00111,True,31.66667,29.38931,-0.89809,0.35154,-0.90644,1.86527
2024,SLV,SLV|43|2|-1,808,118,0.00114,True,27.45592,29.33168,0.91423,0.30199,0.90589,1.80764
2024,SLV,SLV|43|2|-2,516,105,0.00073,False,30.03953,28.68217,1.34264,0.25416,1.33429,1.15813
2024,SLV,SLV|44|-1|-1,1339,120,0.00189,True,37.94579,30.9186,0.34369,0.26354,0.33534,3.39455
2024,SLV,SLV|44|-1|-2,1481,130,0.0021,True,40.26667,33.2208,1.05341,0.22571,1.04506,5.69675
2024,SLV,SLV|44|0|-1,3836,238,0.00543,True,36.55804,29.97914,0.72231,0.26096,0.71397,2.4551
2024,SLV,SLV|44|0|-2,2900,223,0.0041,True,33.54123,31.10345,-0.04562,0.281,-0.05397,3.57941
2024,SLV,SLV|44|0|0,765,105,0.00108,True,35.60606,29.15033,-0.77242,0.32147,-0.78077,1.62628
2024,SLV,SLV|44|1|-1,2882,219,0.00408,True,32.4611,29.28522,-0.28317,0.30971,-0.29152,1.76118
2024,SLV,SLV|44|1|-2,1731,190,0.00245,True,26.63496,27.96072,0.82028,0.31182,0.81193,0.43667
2024,SLV,SLV|44|1|0,764,112,0.00108,True,33.94256,28.66492,0.44634,0.29181,0.43799,1.14088
2024,SLV,SLV|44|2|-1,515,99,0.00073,True,26.18026,27.37864,-0.55379,0.35032,-0.56213,-0.1454
2024,SLV,SLV|45|0|-1,933,117,0.00132,True,36.36364,28.18864,0.21854,0.24929,0.21019,0.6646
2024,SLV,SLV|45|0|-2,796,95,0.00113,True,36.34204,29.0201,2.22739,0.24946,2.21904,1.49606
2024,SLV,SLV|45|1|-1,1098,115,0.00155,True,30.95238,25.40984,-0.22914,0.30411,-0.23749,-2.11421
2024,SLV,SLV|45|1|-2,659,87,0.00093,True,32.03593,29.59029,1.42686,0.23829,1.41851,2.06625
2025,CH,CH|39|1|3,584,31,0.00083,False,28.52853,26.88356,-0.16592,0.29534,-0.17155,-0.45712
2025,CH,CH|40|1|3,714,81,0.00101,True,23.45361,21.42857,0.72353,0.27267,0.71791,-5.91211
2025,CH,CH|40|2|3,628,64,0.00089,True,30.86053,24.52229,-0.21831,0.27074,-0.22393,-2.81839
2025,CH,CH|41|0|3,955,126,0.00135,True,26.51357,21.67539,-1.0955,0.3122,-1.10112,-5.66529
2025,CH,CH|41|0|4,666,102,0.00094,True,24.75884,20.12012,-2.27192,0.34549,-2.27754,-7.22056
2025,CH,CH|41|1|3,1074,141,0.00152,True,27.69231,24.67412,-0.63827,0.33609,-0.64389,-2.66657
2025,CH,CH|41|1|4,936,108,0.00132,True,30.33708,24.46581,-1.3313,0.27534,-1.33693,-2.87487
2025,CH,CH|41|2|3,893,98,0.00126,True,28.70159,24.972,-0.07861,0.29141,-0.08423,-2.36868
2025,CH,CH|42|-1|3,759,113,0.00107,True,29.53368,23.32016,0.59855,0.25633,0.59293,-4.02053
2025,CH,CH|42|-1|4,578,84,0.00082,False,32.58786,26.29758,0.659,0.30478,0.65337,-1.04311
2025,CH,CH|42|0|2,672,113,0.00095,True,18.69436,19.19643,-0.66771,0.30942,-0.67333,-8.14426
2025,CH,CH|42|0|3,2167,176,0.00306,True,27.05667,22.51961,-0.68745,0.30658,-0.69307,-4.82107
2025,CH,CH|42|0|4,1223,156,0.00173,True,28.80524,22.07686,0.70589,0.2716,0.70026,-5.26382
2025,CH,CH|42|1|2,505,122,0.00071,True,22.17573,20.59406,-0.33287,0.30416,-0.33849,-6.74662
2025,CH,CH|42|1|3,2061,196,0.00291,True,27.36031,23.1441,-0.19753,0.28272,-0.20315,-4.19658
2025,CH,CH|42|1|4,1261,161,0.00178,True,28.57143,24.26646,-0.91213,0.31808,-0.91776,-3.07423
2025,CH,CH|42|2|3,1400,159,0.00198,True,31.35838,27.0,-0.67407,0.28111,-0.67969,-0.34068
2025,CH,CH|42|2|4,751,100,0.00106,True,30.12987,25.16644,1.15526,0.23322,1.14964,-2.17424
2025,CH,CH|43|-1|2,518,78,0.00073,False,26.77165,22.77992,-0.73147,0.34145,-0.73709,-4.56076
2025,CH,CH|43|-1|3,1396,135,0.00197,True,34.86486,25.57307,0.97428,0.26898,0.96866,-1.76762
2025,CH,CH|43|-1|4,965,101,0.00136,False,32.69231,23.8342,0.27233,0.24206,0.26671,-3.50649
2025,CH,CH|43|0|2,830,133,0.00117,True,26.57343,23.13253,-0.34952,0.31612,-0.35514,-4.20815
2025,CH,CH|43|0|3,2578,223,0.00364,True,27.12264,22.3429,-0.60818,0.3296,-0.61381,-4.99778
2025,CH,CH|43|0|4,1916,200,0.00271,True,29.96778,23.79958,-0.34979,0.30379,-0.35541,-3.5411
2025,CH,CH|43|1|2,619,147,0.00087,True,23.52941,19.22456,-1.47819,0.30936,-1.48381,-8.11613
2025,CH,CH|43|1|3,2427,254,0.00343,True,29.21536,23.56819,0.00251,0.30697,-0.00311,-3.77249
2025,CH,CH|43|1|4,1661,216,0.00235,True,29.39024,23.17881,0.5481,0.26244,0.54248,-4.16188
2025,CH,CH|43|2|3,1334,181,0.00188,True,27.28682,24.81259,0.70285,0.2941,0.69723,-2.52809
2025,CH,CH|43|2|4,662,127,0.00094,True,30.40752,22.50755,0.5503,0.26534,0.54468,-4.83313
2025,CH,CH|44|-1|3,1089,111,0.00154,False,30.67151,22.4977,-0.69109,0.25745,-0.69672,-4.84298
2025,CH,CH|44|-1|4,654,92,0.00092,False,34.31953,22.93578,1.33654,0.23665,1.33092,-4.4049
2025,CH,CH|44|0|2,580,114,0.00082,False,25.52448,19.65517,-1.30655,0.34679,-1.31217,-7.68551
2025,CH,CH|44|0|3,2124,198,0.003,True,25.97285,20.52731,-0.37994,0.29381,-0.38557,-6.81338
2025,CH,CH|44|0|4,1664,178,0.00235,True,32.12121,22.89663,0.55511,0.24404,0.54949,-4.44405
2025,CH,CH|44|1|3,2020,201,0.00285,True,27.47573,20.74257,-0.77213,0.29896,-0.77775,-6.59811
2025,CH,CH|44|1|4,1753,176,0.00248,True,30.78627,22.93212,0.90599,0.25717,0.90037,-4.40857
2025,CH,CH|44|2|3,1149,154,0.00162,True,31.14447,25.15231,-0.05013,0.2803,-0.05575,-2.18838
2025,CH,CH|44|2|4,687,102,0.00097,True,26.38037,21.83406,0.1706,0.26768,0.16497,-5.50662
2025,CH,CH|45|0|3,971,112,0.00137,True,23.62949,19.9794,-1.91483,0.29971,-1.92045,-7.36128
2025,CH,CH|45|0|4,857,102,0.00121,True,33.94495,24.50408,0.19078,0.2681,0.18516,-2.8366
2025,CH,CH|45|1|3,766,124,0.00108,True,21.36986,18.01567,-0.40457,0.29401,-0.41019,-9.32502
2025,CH,CH|45|1|4,847,107,0.0012,True,28.40095,21.01535,-0.19256,0.27938,-0.19818,-6.32534
2025,CU,CU|38|-3|-3,644,116,0.00091,True,28.95928,31.67702,-0.36972,0.3256,-0.37534,4.33633
2025,CU,CU|38|-3|-4,563,78,0.0008,True,31.44105,31.97158,-0.35879,0.276,-0.36441,4.6309
2025,CU,CU|38|-4|-3,904,104,0.00128,True,26.5625,33.5177,-0.01792,0.31312,-0.02354,6.17702
2025,CU,CU|38|-4|-4,546,64,0.00077,False,21.42857,32.96703,-0.63205,0.34528,-0.63767,5.62635
2025,CU,CU|38|-5|-3,599,47,0.00085,False,28.0,33.88982,-0.28247,0.24445,-0.28809,6.54913
2025,CU,CU|39|-2|-2,718,75,0.00101,True,27.92208,31.75487,-0.40794,0.32686,-0.41356,4.41419
2025,CU,CU|39|-2|-3,597,89,0.00084,False,28.98551,30.98827,0.70151,0.31082,0.69588,3.64759
2025,CU,CU|39|-2|-4,507,73,0.00072,False,27.64977,31.36095,-0.46844,0.29876,-0.47406,4.02026
2025,CU,CU|39|-3|-2,812,104,0.00115,True,25.46012,29.18719,-0.18461,0.28474,-0.19023,1.84651
2025,CU,CU|39|-3|-3,1146,155,0.00162,True,26.3048,30.45375,-0.94119,0.31755,-0.94681,3.11307
2025,CU,CU|39|-3|-4,872,110,0.00123,True,33.50515,30.84862,-1.19232,0.3024,-1.19794,3.50794
2025,CU,CU|39|-4|-2,988,112,0.0014,True,21.09375,30.06073,0.37115,0.25782,0.36553,2.72004
2025,CU,CU|39|-4|-3,1394,129,0.00197,True,25.68493,30.55954,-1.63278,0.36344,-1.63841,3.21886
2025,CU,CU|39|-4|-4,1000,97,0.00141,True,29.57746,30.3,0.2037,0.25734,0.19808,2.95932
2025,CU,CU|39|-5|-2,542,52,0.00077,False,23.15789,26.01476,-1.00646,0.30369,-1.01208,-1.32592
2025,CU,CU|39|-5|-3,539,61,0.00076,False,30.60345,29.87013,0.259,0.23856,0.25338,2.52945
2025,CU,CU|40|-2|-1,534,65,0.00075,True,26.12613,29.21348,-3.10974,0.37878,-3.11536,1.8728
2025,CU,CU|40|-2|-2,653,99,0.00092,True,28.85906,26.33997,-0.57626,0.27473,-0.58189,-1.00071
2025,CU,CU|40|-2|-3,642,97,0.00091,True,25.42955,27.25857,-0.09003,0.28711,-0.09565,-0.08212
2025,CU,CU|40|-2|-4,530,66,0.00075,True,26.92308,33.58491,1.05472,0.22844,1.04909,6.24422
2025,CU,CU|40|-3|-1,556,67,0.00079,True,33.05439,31.65468,-0.98129,0.3326,-0.98692,4.31399
2025,CU,CU|40|-3|-2,969,138,0.00137,True,28.84615,29.61816,-0.98958,0.26634,-0.9952,2.27748
2025,CU,CU|40|-3|-3,1157,145,0.00163,True,28.4,29.38634,-0.8433,0.30393,-0.84892,2.04566
2025,CU,CU|40|-3|-4,912,92,0.00129,True,33.15789,31.90789,-0.83586,0.29582,-0.84148,4.56721
2025,CU,CU|40|-4|-2,1172,118,0.00166,True,21.71053,26.79181,-2.25879,0.35708,-2.26441,-0.54887
2025,CU,CU|40|-4|-3,1375,133,0.00194,True,27.96296,30.47273,-0.81556,0.31607,-0.82119,3.13204
2025,CU,CU|40|-4|-4,705,78,0.001,True,36.3354,31.20567,0.98993,0.22596,0.98431,3.86499
2025,CU,CU|41|-2|-1,554,64,0.00078,False,29.78723,27.25632,-1.32365,0.26429,-1.32927,-0.08437
2025,CU,CU|41|-3|-1,576,70,0.00081,False,35.61151,28.99306,1.88472,0.22232,1.8791,1.65237
2025,CU,CU|41|-3|-2,874,109,0.00123,True,26.26263,27.00229,0.14771,0.29796,0.14209,-0.3384
2025,CU,CU|41|-3|-3,828,112,0.00117,True,25.20776,26.93237,-0.15688,0.26555,-0.16251,-0.40832
2025,CU,CU|41|-4|-2,1030,95,0.00146,True,32.77512,29.02913,-0.61087,0.29761,-0.6165,1.68844
2025,CU,CU|41|-4|-3,957,102,0.00135,True,29.00763,28.21317,0.95361,0.23428,0.94798,0.87248
2025,CU,CU|42|-3|-2,519,79,0.00073,False,34.04255,30.44316,0.37187,0.23644,0.36625,3.10248
2025,CU,CU|42|-3|-3,502,61,0.00071,False,29.06404,29.48207,1.23327,0.22451,1.22764,2.14139
2025,CU,CU|42|-4|-2,567,64,0.0008,False,33.85214,26.98413,-0.26402,0.25712,-0.26964,-0.35656
2025,CU,CU|42|-4|-3,520,44,0.00073,False,36.11111,30.0,0.70846,0.2149,0.70284,2.65932
2025,FC,FC|42|1|-1,650,94,0.00092,True,18.18182,26.46154,-0.50877,0.3457,-0.51439,-0.87915
2025,FC,FC|42|1|-2,592,71,0.00084,True,24.73868,30.40541,0.61706,0.34993,0.61144,3.06472
2025,FC,FC|43|0|-1,822,94,0.00116,True,21.81373,26.64234,-0.53929,0.35522,-0.54492,-0.69835
2025,FC,FC|43|0|-2,702,101,0.00099,True,24.78873,26.63818,-0.01368,0.364,-0.0193,-0.70251
2025,FC,FC|43|1|-1,2040,169,0.00288,True,19.38675,27.84314,-0.17152,0.37215,-0.17714,0.50245
2025,FC,FC|43|1|-2,1264,151,0.00179,True,24.44062,27.8481,0.95657,0.31139,0.95094,0.50742
2025,FC,FC|43|1|0,585,98,0.00083,True,22.14765,26.66667,1.16444,0.30694,1.15882,-0.67402
2025,FC,FC|43|2|-1,1397,129,0.00197,True,18.23708,27.55906,-0.78447,0.40477,-0.79009,0.21837
2025,FC,FC|43|2|-2,610,88,0.00086,True,18.02721,27.54098,0.3482,0.35791,0.34257,0.2003
2025,FC,FC|44|0|-1,868,94,0.00123,True,23.09524,28.91705,1.24217,0.28512,1.23654,1.57637
2025,FC,FC|44|0|-2,713,85,0.00101,True,24.79564,30.01403,0.57097,0.31138,0.56535,2.67334
2025,FC,FC|44|1|-1,2914,214,0.00412,True,18.93004,25.84077,-0.88294,0.37114,-0.88857,-1.49992
2025,FC,FC|44|1|-2,1388,161,0.00196,True,18.53513,25.57637,0.38112,0.33091,0.3755,-1.76431
2025,FC,FC|44|1|0,866,137,0.00122,True,19.02552,26.55889,-1.197,0.41291,-1.20262,-0.78179
2025,FC,FC|44|2|-1,2873,199,0.00406,True,19.06097,26.0355,-0.27745,0.36188,-0.28307,-1.30518
2025,FC,FC|44|2|-2,915,126,0.00129,True,23.41357,28.52459,0.86809,0.33665,0.86246,1.18391
2025,FC,FC|44|2|0,1208,152,0.00171,True,15.63025,25.49669,-1.36101,0.38417,-1.36663,-1.844
2025,FC,FC|44|3|-1,775,87,0.00109,True,15.78947,25.29032,-0.42503,0.38257,-0.43065,-2.05036
2025,FC,FC|44|3|0,542,83,0.00077,True,16.66667,27.67528,-0.10572,0.3574,-0.11134,0.33459
2025,FC,FC|45|0|-2,503,55,0.00071,False,25.29644,28.62823,0.44433,0.30852,0.43871,1.28755
2025,FC,FC|45|1|-1,2210,173,0.00312,True,20.75134,26.0181,0.32679,0.30564,0.32116,-1.32258
2025,FC,FC|45|1|-2,1175,120,0.00166,True,25.4902,29.02128,0.29209,0.35669,0.28646,1.68059
2025,FC,FC|45|1|0,848,133,0.0012,True,21.04019,26.88679,-0.02807,0.37542,-0.03369,-0.45389
2025,FC,FC|45|2|-1,2959,187,0.00418,True,21.29121,25.3464,0.56735,0.32339,0.56173,-1.99428
2025,FC,FC|45|2|-2,853,109,0.00121,True,19.08046,26.37749,-0.26565,0.34743,-0.27127,-0.96319
2025,FC,FC|45|2|0,1487,152,0.0021,True,16.20879,23.60457,-0.01668,0.38069,-0.0223,-3.73611
2025,FC,FC|45|3|-1,960,95,0.00136,True,21.07438,25.52083,0.6999,0.3026,0.69427,-1.81985
2025,FC,FC|45|3|0,772,100,0.00109,False,17.34417,25.90674,1.08588,0.30712,1.08026,-1.43395
2025,FC,FC|46|1|-1,1047,106,0.00148,True,18.27586,22.34957,-1.05444,0.3972,-1.06006,-4.99111
2025,FC,FC|46|2|-1,1627,130,0.0023,True,19.61492,24.76951,0.53467,0.33316,0.52904,-2.57117
2025,FC,FC|46|2|0,842,104,0.00119,False,14.28571,21.49644,0.3076,0.36909,0.30198,-5.84425
2025,FC,FC|47|2|-1,612,54,0.00086,True,17.52266,23.52941,-0.04134,0.35942,-0.04696,-3.81127
2025,FF,FF|44|3|1,619,93,0.00087,True,16.21622,28.75606,-1.67124,0.42941,-1.67687,1.41537
2025,FF,FF|44|3|2,783,92,0.00111,True,12.38671,27.84163,-0.41877,0.40579,-0.4244,0.50095
2025,FF,FF|44|4|1,980,97,0.00138,True,17.33967,28.77551,-0.00673,0.39682,-0.01236,1.43483
2025,FF,FF|44|4|2,820,89,0.00116,True,12.84916,25.2439,-0.50488,0.40648,-0.5105,-2.09678
2025,FF,FF|45|2|2,500,91,0.00071,True,17.99163,24.8,0.0894,0.32498,0.08378,-2.54068
2025,FF,FF|45|2|3,788,69,0.00111,False,14.52055,25.63452,-2.52665,0.42227,-2.53227,-1.70617
2025,FF,FF|45|3|0,1095,158,0.00155,True,19.47262,24.20091,-0.89233,0.39518,-0.89795,-3.13977
2025,FF,FF|45|3|1,2704,232,0.00382,True,12.21837,25.92456,-1.61879,0.41281,-1.62441,-1.41613
2025,FF,FF|45|3|2,3206,234,0.00453,True,12.56246,25.57704,-0.91613,0.40372,-0.92175,-1.76364
2025,FF,FF|45|3|3,1788,128,0.00253,True,13.14496,26.00671,-1.19648,0.42293,-1.2021,-1.33397
2025,FF,FF|45|4|0,1674,151,0.00237,True,15.36388,27.35962,-0.14008,0.37695,-0.14571,0.01893
2025,FF,FF|45|4|1,4414,248,0.00624,True,15.02564,29.24785,0.08863,0.37231,0.083,1.90716
2025,FF,FF|45|4|2,3674,215,0.00519,True,14.16877,27.95318,-0.19984,0.38115,-0.20546,0.6125
2025,FF,FF|45|4|3,992,96,0.0014,True,14.87965,28.62903,-0.23468,0.36218,-0.2403,1.28835
2025,FF,FF|45|5|1,570,92,0.00081,True,15.11628,28.59649,1.02088,0.36807,1.01525,1.25581
2025,FF,FF|46|2|0,676,92,0.00096,True,12.14953,24.70414,-1.21701,0.39654,-1.22263,-2.63654
2025,FF,FF|46|2|1,775,134,0.00109,True,11.85984,19.48387,-1.56813,0.36167,-1.57375,-7.85681
2025,FF,FF|46|2|2,1153,174,0.00163,True,18.54975,22.72333,-0.63651,0.32152,-0.64214,-4.61735
2025,FF,FF|46|2|3,1486,120,0.0021,True,16.45746,25.70659,-1.54112,0.39804,-1.54674,-1.63409
2025,FF,FF|46|3|0,2320,240,0.00328,True,17.22272,23.10345,-1.22388,0.35294,-1.2295,-4.23724
2025,FF,FF|46|3|1,6065,399,0.00857,True,15.09632,24.36933,-0.10683,0.36465,-0.11245,-2.97135
2025,FF,FF|46|3|2,7774,387,0.01098,True,15.45064,25.59815,-1.40898,0.38059,-1.4146,-1.74254
2025,FF,FF|46|3|3,4000,245,0.00565,True,18.25769,27.525,0.19618,0.3484,0.19055,0.18432
2025,FF,FF|46|4|0,4637,262,0.00655,True,16.56613,25.98663,-0.04149,0.35307,-0.04711,-1.35405
2025,FF,FF|46|4|1,12049,393,0.01702,True,16.70477,26.49183,-0.18276,0.37818,-0.18838,-0.84886
2025,FF,FF|46|4|2,8970,367,0.01267,True,16.43607,28.11594,0.47322,0.35774,0.4676,0.77526
2025,FF,FF|46|4|3,1821,185,0.00257,True,21.28954,31.52114,1.33712,0.36277,1.3315,4.18046
2025,FF,FF|46|5|0,876,92,0.00124,True,18.26484,27.05479,0.86735,0.35317,0.86173,-0.28589
2025,FF,FF|46|5|1,1749,162,0.00247,True,19.6934,25.95769,-0.19583,0.33391,-0.20145,-1.38299
2025,FF,FF|46|5|2,868,119,0.00123,True,24.31078,31.33641,1.47592,0.293,1.4703,3.99572
2025,FF,FF|47|2|0,762,79,0.00108,True,15.11335,25.59055,0.28241,0.32589,0.27679,-1.75013
2025,FF,FF|47|2|1,852,158,0.0012,True,16.1039,22.53521,-1.08333,0.36586,-1.08896,-4.80547
2025,FF,FF|47|2|2,1449,186,0.00205,True,14.88178,20.35887,-1.4038,0.37386,-1.40942,-6.98182
2025,FF,FF|47|2|3,1997,141,0.00282,True,15.82031,23.9359,-0.44056,0.35757,-0.44618,-3.40478
2025,FF,FF|47|2|4,567,47,0.0008,False,17.90541,27.33686,0.76931,0.28098,0.76369,-0.00382
2025,FF,FF|47|3|-1,629,77,0.00089,True,15.17241,26.07313,0.42337,0.36613,0.41775,-1.26755
2025,FF,FF|47|3|0,2785,247,0.00393,True,16.91729,24.3088,-0.1619,0.35964,-0.16753,-3.03189
2025,FF,FF|47|3|1,7806,425,0.01103,True,16.34742,24.58365,-0.30606,0.34772,-0.31168,-2.75703
2025,FF,FF|47|3|2,10980,436,0.01551,True,16.84307,24.54463,-0.31143,0.34986,-0.31705,-2.79606
2025,FF,FF|47|3|3,5188,256,0.00733,True,19.32773,26.6384,0.29503,0.34019,0.2894,-0.70229
2025,FF,FF|47|4|0,5320,289,0.00752,True,19.38378,26.10902,-0.04891,0.33399,-0.05453,-1.23166
2025,FF,FF|47|4|1,14109,439,0.01993,True,19.60984,26.57169,-0.02852,0.35651,-0.03414,-0.76899
2025,FF,FF|47|4|2,10608,419,0.01499,True,19.83721,27.78092,0.61985,0.32493,0.61423,0.44024
2025,FF,FF|47|4|3,1951,217,0.00276,True,22.85115,30.59969,0.53793,0.31605,0.53231,3.25901
2025,FF,FF|47|5|0,836,110,0.00118,True,26.86916,27.87081,2.00144,0.30481,1.99581,0.53013
2025,FF,FF|47|5|1,1708,169,0.00241,True,24.9694,29.74239,-0.39947,0.31771,-0.4051,2.40171
2025,FF,FF|47|5|2,889,136,0.00126,True,24.78261,31.49606,2.54724,0.26729,2.54162,4.15538
2025,FF,FF|48|2|2,987,135,0.00139,True,14.00394,19.95947,-1.60233,0.34478,-1.60795,-7.38121
2025,FF,FF|48|2|3,1147,110,0.00162,True,13.70968,20.57541,-0.32119,0.37197,-0.32681,-6.76527
2025,FF,FF|48|3|0,1827,165,0.00258,True,18.72872,25.34209,0.13799,0.3254,0.13236,-1.99859
2025,FF,FF|48|3|1,4588,321,0.00648,True,16.65945,23.16914,-0.46014,0.35085,-0.46576,-4.17155
2025,FF,FF|48|3|2,7418,333,0.01048,True,19.55844,24.89889,-0.41535,0.33669,-0.42098,-2.44179
2025,FF,FF|48|3|3,3159,196,0.00446,True,21.23673,26.55904,0.27873,0.33552,0.2731,-0.78165
2025,FF,FF|48|4|0,3932,200,0.00556,True,21.45278,24.72024,0.49418,0.29972,0.48855,-2.62044
2025,FF,FF|48|4|1,9221,328,0.01303,True,23.00021,26.89513,0.55979,0.30911,0.55416,-0.44555
2025,FF,FF|48|4|2,6875,319,0.00971,True,22.22542,28.23273,0.36563,0.31704,0.36001,0.89204
2025,FF,FF|48|4|3,1109,152,0.00157,True,23.69838,28.49414,0.81542,0.2914,0.8098,1.15346
2025,FF,FF|48|5|0,572,67,0.00081,False,28.39117,31.81818,2.54493,0.23366,2.53931,4.4775
2025,FF,FF|48|5|1,807,108,0.00114,True,24.76852,29.86369,1.37683,0.27021,1.37121,2.52301
2025,FF,FF|49|2|3,571,39,0.00081,False,16.50794,24.86865,0.70263,0.28627,0.697,-2.47203
2025,FF,FF|49|3|0,536,66,0.00076,False,20.76125,24.81343,0.80466,0.26636,0.79904,-2.52725
2025,FF,FF|49|3|1,1533,139,0.00217,True,22.5335,26.28832,0.80607,0.3013,0.80044,-1.05236
2025,FF,FF|49|3|2,2326,148,0.00329,True,17.22408,24.29063,0.20684,0.31945,0.20121,-3.05006
2025,FF,FF|49|3|3,1291,79,0.00182,True,23.48485,28.11774,0.54826,0.31399,0.54263,0.77705
2025,FF,FF|49|4|0,1427,88,0.00202,True,24.53066,24.94744,0.13721,0.28965,0.13159,-2.39324
2025,FF,FF|49|4|1,3260,154,0.00461,True,23.49914,26.56442,1.21368,0.26237,1.20806,-0.77627
2025,FF,FF|49|4|2,2684,149,0.00379,True,23.82271,27.45902,0.99601,0.29257,0.99039,0.11833
2025,FF,FF|50|4|1,507,42,0.00072,False,29.60526,27.81065,0.9854,0.26336,0.97978,0.46997
2025,FS,FS|41|0|2,508,55,0.00072,False,34.48276,24.80315,0.23327,0.25456,0.22765,-2.53753
2025,FS,FS|42|0|2,572,77,0.00081,True,34.64052,25.17483,0.56399,0.25551,0.55836,-2.16586
2025,FS,FS|42|0|3,559,58,0.00079,False,37.66234,26.65474,1.02612,0.19909,1.0205,-0.68594
2025,FS,FS|43|0|2,817,70,0.00115,False,29.18552,23.37821,0.21824,0.24553,0.21261,-3.96247
2025,FS,FS|43|0|3,723,68,0.00102,True,35.1706,24.2047,-1.30622,0.28691,-1.31185,-3.13598
2025,FS,FS|43|1|3,510,63,0.00072,False,32.14286,23.52941,0.62216,0.24965,0.61653,-3.81127
2025,FS,FS|44|0|3,686,55,0.00097,True,30.21978,21.42857,0.15977,0.2331,0.15414,-5.91211
2025,SI,SI|44|1|3,630,94,0.00089,True,10.74074,29.36508,-0.5354,0.37665,-0.54102,2.0244
2025,SI,SI|44|1|4,590,81,0.00083,True,9.82906,30.16949,-0.43983,0.42821,-0.44545,2.82881
2025,SI,SI|44|2|3,708,88,0.001,True,9.06149,30.50847,0.7322,0.37528,0.72658,3.16779
2025,SI,SI|45|0|3,1172,105,0.00166,True,10.19608,29.01024,-0.65324,0.38203,-0.65886,1.66956
2025,SI,SI|45|0|4,1438,115,0.00203,True,11.60131,31.22392,-0.19256,0.36395,-0.19818,3.88324
2025,SI,SI|45|1|3,2060,169,0.00291,True,10.09564,28.00971,-0.40684,0.38725,-0.41247,0.66902
2025,SI,SI|45|1|4,1987,168,0.00281,True,10.04619,28.9381,0.04368,0.3708,0.03806,1.59741
2025,SI,SI|45|2|3,2696,188,0.00381,True,9.8454,27.63353,0.17281,0.36808,0.16719,0.29285
2025,SI,SI|45|2|4,1571,149,0.00222,True,9.98487,29.47167,0.21006,0.38073,0.20443,2.13099
2025,SI,SI|45|3|3,1670,112,0.00236,True,11.3079,29.88024,0.44251,0.37649,0.43689,2.53956
2025,SI,SI|46|-1|3,543,45,0.00077,False,17.97235,32.41252,-1.414,0.39354,-1.41962,5.07184
2025,SI,SI|46|-1|4,662,57,0.00094,True,13.45455,30.36254,0.19668,0.30766,0.19105,3.02185
2025,SI,SI|46|0|3,1909,127,0.0027,True,12.67943,28.96805,0.23803,0.34412,0.23241,1.62736
2025,SI,SI|46|0|4,2618,141,0.0037,True,10.53571,30.51948,0.31543,0.33955,0.30981,3.1788
2025,SI,SI|46|1|2,666,113,0.00094,True,10.54313,25.37538,0.5018,0.35581,0.49618,-1.96531
2025,SI,SI|46|1|3,3473,253,0.00491,True,10.75269,26.46127,0.18261,0.34821,0.17699,-0.87941
2025,SI,SI|46|1|4,4192,249,0.00592,True,9.15105,27.95802,0.26777,0.36238,0.26215,0.61733
2025,SI,SI|46|2|2,783,139,0.00111,True,12.78409,26.94764,-0.08084,0.35938,-0.08647,-0.39305
2025,SI,SI|46|2|3,4508,300,0.00637,True,9.90636,26.59716,-0.86429,0.36677,-0.86991,-0.74352
2025,SI,SI|46|2|4,3194,253,0.00451,True,10.94737,28.45961,0.76246,0.34657,0.75684,1.11893
2025,SI,SI|46|3|2,688,112,0.00097,True,12.33766,27.03488,0.77849,0.35347,0.77287,-0.3058
2025,SI,SI|46|3|3,2659,187,0.00376,True,10.49069,25.76156,-0.44235,0.35099,-0.44797,-1.57912
2025,SI,SI|46|3|4,718,126,0.00101,True,7.27848,29.24791,-0.88357,0.35818,-0.88919,1.90723
2025,SI,SI|47|-1|4,548,48,0.00077,False,15.54622,28.46715,1.16861,0.32279,1.16299,1.12647
2025,SI,SI|47|0|3,1636,123,0.00231,True,10.31208,26.40587,0.647,0.31717,0.64138,-0.93482
2025,SI,SI|47|0|4,2666,136,0.00377,True,12.7451,27.90698,0.49227,0.33928,0.48665,0.56629
2025,SI,SI|47|1|3,3352,257,0.00474,True,10.25806,26.16348,0.0168,0.35241,0.01117,-1.1772
2025,SI,SI|47|1|4,5595,254,0.0079,True,11.84158,28.34674,0.45398,0.33851,0.44835,1.00605
2025,SI,SI|47|2|2,564,150,0.0008,True,13.25758,20.03546,-1.55816,0.35947,-1.56378,-7.30522
2025,SI,SI|47|2|3,4741,314,0.0067,True,9.98177,26.17591,0.17914,0.3582,0.17352,-1.16477
2025,SI,SI|47|2|4,4086,270,0.00577,True,11.70868,29.83358,0.71417,0.33969,0.70855,2.49289
2025,SI,SI|47|3|2,828,116,0.00117,True,14.28571,25.96618,-0.27645,0.34911,-0.28207,-1.3745
2025,SI,SI|47|3|3,3095,217,0.00437,True,11.99723,27.72213,-0.20724,0.36496,-0.21286,0.38145
2025,SI,SI|47|3|4,687,151,0.00097,True,12.06897,29.25764,0.38981,0.33843,0.38419,1.91696
2025,SI,SI|48|0|3,977,75,0.00138,False,12.8692,25.17912,0.69591,0.29001,0.69028,-2.16156
2025,SI,SI|48|0|4,1188,86,0.00168,True,14.28571,28.28283,0.92138,0.29608,0.91576,0.94214
2025,SI,SI|48|1|3,2023,143,0.00286,True,11.3089,25.75383,-0.13262,0.33587,-0.13825,-1.58685
2025,SI,SI|48|1|4,3364,155,0.00475,True,13.28273,27.05113,0.84016,0.31698,0.83454,-0.28955
2025,SI,SI|48|2|3,2935,196,0.00415,True,14.44201,27.63203,0.05707,0.34771,0.05145,0.29134
2025,SI,SI|48|2|4,2749,179,0.00388,True,12.83628,28.70135,1.00764,0.32272,1.00202,1.36066
2025,SI,SI|48|3|3,1982,150,0.0028,True,15.14841,28.25429,1.28012,0.30269,1.2745,0.9136
2025,SI,SI|49|1|3,713,50,0.00101,False,11.2462,25.52595,0.5913,0.3435,0.58568,-1.81474
2025,SI,SI|49|1|4,936,63,0.00132,True,13.27434,26.92308,1.44551,0.29179,1.43989,-0.41761
2025,SI,SI|49|2|3,766,77,0.00108,False,12.88515,29.50392,0.98851,0.28729,0.98289,2.16323
2025,SI,SI|49|2|4,709,66,0.001,False,13.41108,29.47814,1.01283,0.30844,1.00721,2.13745
2025,SLV,SLV|39|-1|-4,753,123,0.00106,True,25.30488,29.21647,-0.19535,0.29508,-0.20097,1.87578
2025,SLV,SLV|39|-1|-5,596,109,0.00084,True,29.75207,33.38926,0.35017,0.2877,0.34455,6.04858
2025,SLV,SLV|39|0|-3,503,96,0.00071,True,28.0543,30.21869,-1.13678,0.31232,-1.1424,2.878
2025,SLV,SLV|39|0|-4,978,134,0.00138,True,31.12583,33.12883,1.58937,0.24574,1.58374,5.78815
2025,SLV,SLV|39|0|-5,735,112,0.00104,True,20.0,28.02721,-0.32218,0.29338,-0.3278,0.68653
2025,SLV,SLV|40|-1|-1,517,68,0.00073,True,30.89431,27.46615,-3.08975,0.30449,-3.09537,0.12547
2025,SLV,SLV|40|-1|-2,669,138,0.00095,True,24.03846,28.4006,-0.98759,0.31096,-0.99322,1.05991
2025,SLV,SLV|40|-1|-3,833,180,0.00118,True,27.13568,28.57143,-0.07647,0.28076,-0.08209,1.23074
2025,SLV,SLV|40|-1|-4,1454,215,0.00205,True,29.11392,30.1238,-0.80736,0.29968,-0.81298,2.78311
2025,SLV,SLV|40|-1|-5,1184,175,0.00167,True,27.58621,31.58784,-0.1663,0.25312,-0.17192,4.24715
2025,SLV,SLV|40|-2|-4,670,121,0.00095,True,26.04167,29.25373,1.24881,0.23509,1.24318,1.91305
2025,SLV,SLV|40|-2|-5,580,86,0.00082,False,22.59414,28.44828,0.38414,0.27116,0.37852,1.10759
2025,SLV,SLV|40|0|-1,614,80,0.00087,True,34.88372,32.08469,-0.06775,0.33033,-0.07338,4.74401
2025,SLV,SLV|40|0|-2,603,138,0.00085,True,27.81955,30.84577,-0.35539,0.3544,-0.36101,3.50509
2025,SLV,SLV|40|0|-3,1019,194,0.00144,True,27.02128,27.67419,-0.82699,0.30226,-0.83261,0.33351
2025,SLV,SLV|40|0|-4,1663,215,0.00235,True,29.93377,29.94588,-0.49633,0.30501,-0.50195,2.6052
2025,SLV,SLV|40|0|-5,1137,167,0.00161,True,25.96154,28.49604,-0.51108,0.28637,-0.5167,1.15536
2025,SLV,SLV|40|1|-3,773,141,0.00109,True,26.95418,28.84864,-0.52277,0.30578,-0.52839,1.50796
2025,SLV,SLV|40|1|-4,891,140,0.00126,True,26.76399,30.5275,0.49158,0.29011,0.48596,3.18681
2025,SLV,SLV|41|-1|-1,1569,169,0.00222,True,30.21108,31.67623,0.6325,0.29733,0.62688,4.33554
2025,SLV,SLV|41|-1|-2,1666,257,0.00235,True,25.89744,27.55102,-0.40486,0.29036,-0.41048,0.21034
2025,SLV,SLV|41|-1|-3,1307,250,0.00185,True,31.28039,31.0635,-0.71951,0.28298,-0.72513,3.72282
2025,SLV,SLV|41|-1|-4,2086,227,0.00295,True,26.80938,28.66731,-0.62924,0.29305,-0.63487,1.32662
2025,SLV,SLV|41|-1|-5,1469,155,0.00208,True,27.19298,28.31858,1.04336,0.25545,1.03774,0.9779
2025,SLV,SLV|41|-2|-2,554,119,0.00078,True,29.26829,25.27076,-1.1852,0.32227,-1.19082,-2.06993
2025,SLV,SLV|41|-2|-3,579,128,0.00082,True,24.90119,26.77029,-2.14387,0.31773,-2.14949,-0.57039
2025,SLV,SLV|41|-2|-4,896,141,0.00127,True,30.69054,27.90179,-0.18739,0.25612,-0.19301,0.5611
2025,SLV,SLV|41|-2|-5,669,85,0.00095,False,25.75758,26.00897,1.10747,0.27423,1.10185,-1.33172
2025,SLV,SLV|41|0|-1,1840,209,0.0026,True,28.58881,30.32609,-0.55783,0.32666,-0.56345,2.9854
2025,SLV,SLV|41|0|-2,1953,260,0.00276,True,26.14379,28.82744,-0.40471,0.32053,-0.41033,1.48676
2025,SLV,SLV|41|0|-3,1822,266,0.00257,True,29.75207,28.81449,0.42272,0.26805,0.4171,1.47381
2025,SLV,SLV|41|0|-4,2427,237,0.00343,True,28.78229,30.2431,-0.37359,0.28185,-0.37921,2.90241
2025,SLV,SLV|41|0|-5,1391,170,0.00197,True,28.79499,30.33789,0.25981,0.28589,0.25419,2.9972
2025,SLV,SLV|41|1|-1,552,120,0.00078,True,25.49801,30.43478,-0.03804,0.29442,-0.04367,3.0941
2025,SLV,SLV|41|1|-2,916,171,0.00129,True,28.47682,30.02183,-0.40862,0.30857,-0.41425,2.68115
2025,SLV,SLV|41|1|-3,1160,194,0.00164,True,29.22465,28.62069,0.07405,0.27625,0.06843,1.28001
2025,SLV,SLV|41|1|-4,1065,154,0.0015,True,30.72289,29.67136,0.08667,0.27542,0.08104,2.33068
2025,SLV,SLV|42|-1|-1,3223,237,0.00455,True,31.02611,29.28948,0.24967,0.28821,0.24405,1.9488
2025,SLV,SLV|42|-1|-2,2948,311,0.00416,True,31.20974,30.49525,-0.42086,0.32177,-0.42648,3.15457
2025,SLV,SLV|42|-1|-3,1558,233,0.0022,True,31.69014,29.84596,-0.53979,0.30898,-0.54542,2.50527
2025,SLV,SLV|42|-1|-4,1674,173,0.00237,True,31.99023,28.85305,-0.28297,0.29416,-0.2886,1.51236
2025,SLV,SLV|42|-1|-5,1020,110,0.00144,True,30.98592,31.17647,1.41373,0.21885,1.4081,3.83579
2025,SLV,SLV|42|-2|-1,948,113,0.00134,True,32.29814,30.27426,0.07205,0.31768,0.06642,2.93358
2025,SLV,SLV|42|-2|-2,979,156,0.00138,True,34.57557,30.74566,0.59428,0.25748,0.58866,3.40498
2025,SLV,SLV|42|-2|-3,665,125,0.00094,True,31.93548,28.87218,0.81083,0.2654,0.8052,1.5315
2025,SLV,SLV|42|-2|-4,572,105,0.00081,False,30.67729,24.82517,-0.53706,0.23554,-0.54269,-2.51551
2025,SLV,SLV|42|0|-1,4639,309,0.00655,True,31.9583,30.73938,-0.20334,0.3045,-0.20896,3.3987
2025,SLV,SLV|42|0|-2,3946,374,0.00557,True,30.72197,30.00507,-0.51637,0.32322,-0.52199,2.66438
2025,SLV,SLV|42|0|-3,2026,256,0.00286,True,33.26572,30.35538,-0.56881,0.31059,-0.57443,3.0147
2025,SLV,SLV|42|0|-4,1774,185,0.00251,True,29.1358,27.90304,-0.1137,0.26941,-0.11932,0.56236
2025,SLV,SLV|42|0|-5,866,114,0.00122,True,33.73494,30.25404,0.41697,0.23876,0.41135,2.91336
2025,SLV,SLV|42|0|0,743,109,0.00105,True,36.87151,32.30148,-0.1747,0.31956,-0.18032,4.9608
2025,SLV,SLV|42|1|-1,1955,202,0.00276,True,29.31563,31.61125,0.83253,0.31488,0.82691,4.27057
2025,SLV,SLV|42|1|-2,1954,244,0.00276,True,29.84127,29.78506,0.38715,0.29768,0.38153,2.44437
2025,SLV,SLV|42|1|-3,1219,185,0.00172,True,31.87919,34.37244,2.19311,0.22395,2.18749,7.03175
2025,SLV,SLV|42|1|-4,824,122,0.00116,True,34.87179,31.31068,0.39102,0.23337,0.3854,3.97
2025,SLV,SLV|43|-1|-1,2687,234,0.0038,True,33.67421,28.99144,-0.63022,0.27058,-0.63584,1.65076
2025,SLV,SLV|43|-1|-2,2839,286,0.00401,True,34.07821,30.3628,-0.27693,0.27388,-0.28255,3.02212
2025,SLV,SLV|43|-1|-3,1109,144,0.00157,True,36.79061,33.54373,0.7349,0.24218,0.72927,6.20305
2025,SLV,SLV|43|-1|-4,707,87,0.001,False,38.26367,31.82461,1.18911,0.19478,1.18349,4.48393
2025,SLV,SLV|43|-2|-1,786,96,0.00111,True,36.88119,31.80662,0.82672,0.26301,0.82109,4.46593
2025,SLV,SLV|43|-2|-2,757,120,0.00107,True,35.50136,31.8362,1.00225,0.23542,0.99662,4.49551
2025,SLV,SLV|43|-2|-3,509,77,0.00072,False,42.7451,34.18468,-0.19784,0.25301,-0.20346,6.84399
2025,SLV,SLV|43|0|-1,5991,337,0.00846,True,32.48817,30.94642,-0.03806,0.29456,-0.04368,3.60574
2025,SLV,SLV|43|0|-2,4564,352,0.00645,True,30.41988,29.9518,0.71251,0.27696,0.70689,2.61111
2025,SLV,SLV|43|0|-3,1373,184,0.00194,True,31.35725,28.62345,0.33503,0.28839,0.32941,1.28277
2025,SLV,SLV|43|0|-4,830,101,0.00117,False,33.66834,29.87952,1.9559,0.20277,1.95028,2.53883
2025,SLV,SLV|43|0|0,942,153,0.00133,True,35.65401,30.14862,0.6345,0.28541,0.62888,2.80794
2025,SLV,SLV|43|1|-1,3342,273,0.00472,True,29.09639,29.56314,0.17621,0.31707,0.17059,2.22245
2025,SLV,SLV|43|1|-2,2524,274,0.00357,True,28.33465,28.28843,1.03023,0.27162,1.02461,0.94775
2025,SLV,SLV|43|1|-3,808,131,0.00114,False,38.44221,31.18812,-0.51287,0.27227,-0.51849,3.84744
2025,SLV,SLV|43|1|0,826,123,0.00117,True,29.15601,27.60291,-1.11973,0.32756,-1.12536,0.26222
2025,SLV,SLV|43|2|-1,750,109,0.00106,True,25.45932,27.33333,0.0352,0.33418,0.02958,-0.00735
2025,SLV,SLV|44|-1|-1,1223,138,0.00173,True,38.04348,32.37939,-0.46255,0.27351,-0.46817,5.03871
2025,SLV,SLV|44|-1|-2,1367,156,0.00193,True,36.65284,32.9188,1.05538,0.24858,1.04975,5.57812
2025,SLV,SLV|44|-1|-3,519,70,0.00073,False,37.45174,31.02119,0.98382,0.22543,0.97819,3.68051
2025,SLV,SLV|44|0|-1,4260,249,0.00602,True,34.00091,29.20188,0.53033,0.26818,0.52471,1.86119
2025,SLV,SLV|44|0|-2,3163,231,0.00447,True,31.44654,28.80177,0.72555,0.28093,0.71993,1.46109
2025,SLV,SLV|44|0|-3,574,98,0.00081,False,43.15789,34.66899,2.1331,0.20224,2.12748,7.32831
2025,SLV,SLV|44|0|0,792,113,0.00112,True,37.43169,28.53535,0.35253,0.25572,0.3469,1.19467
2025,SLV,SLV|44|1|-1,2935,224,0.00415,True,29.97257,27.93867,0.2895,0.28703,0.28388,0.59799
2025,SLV,SLV|44|1|-2,1930,191,0.00273,True,25.79979,26.37306,-0.12036,0.29093,-0.12599,-0.96763
2025,SLV,SLV|44|1|0,930,110,0.00131,True,28.38983,24.94624,-0.60075,0.35093,-0.60638,-2.39445
2025,SLV,SLV|44|2|-1,668,106,0.00094,True,24.53988,24.5509,-1.35674,0.37514,-1.36236,-2.78979
2025,SLV,SLV|45|0|-1,1342,119,0.0019,True,39.31751,30.92399,0.61349,0.25159,0.60786,3.58331
2025,SLV,SLV|45|0|-2,1150,99,0.00162,True,35.17588,31.30435,0.71704,0.26309,0.71142,3.96366
2025,SLV,SLV|45|1|-1,1309,131,0.00185,True,22.56569,24.82811,-1.13186,0.35529,-1.13748,-2.51257
2025,SLV,SLV|45|1|-2,836,92,0.00118,True,32.0802,29.54545,0.20203,0.31232,0.19641,2.20477
